Date,1M,3M,6M,1Y,2Y,3Y,4Y,5Y,7Y,10Y,20Y,25Y
2026-08-18,4.6977,4.9463,5.3196,5.6664,6.3444,6.6831,6.918,7.0624,7.198,7.2941,7.4967,7.4958
2026-08-17,4.7407,4.9682,5.3476,5.6998,6.3429,6.6747,6.9023,7.0419,7.1855,7.3155,7.4994,7.4965
2026-08-14,4.7288,4.9486,5.3385,5.7171,6.3474,6.6754,6.8942,7.0223,7.174,7.3219,7.499,7.4962
2026-08-13,4.7396,4.9436,5.3393,5.7266,6.347,6.6813,6.9046,7.0401,7.1993,7.3531,7.4977,7.496
2026-08-12,4.779,4.9465,5.3563,5.7218,6.3744,6.7125,6.9353,7.0747,7.2296,7.2997,7.4957,7.4954
2026-08-11,4.7676,4.9637,5.3954,5.7326,6.3924,6.7361,6.9512,7.0883,7.2554,7.3607,7.4966,7.4949
2026-08-10,4.7859,5.0021,5.4045,5.7728,6.4338,6.7457,6.9442,7.0664,7.1972,7.2603,7.4999,7.5004
2026-08-07,4.7543,5.0342,5.436,5.8636,6.5158,6.8165,7.0007,7.1053,7.2002,7.2703,7.4936,7.4921
2026-08-06,4.7341,5.0255,5.4455,5.8645,6.5471,6.8375,7.0018,7.0928,7.1822,7.2404,7.49,7.4937
2026-08-05,4.7295,5.0243,5.463,5.8765,6.5747,6.851,7.0096,7.1057,7.2084,7.2472,7.4617,7.4651
2026-08-04,4.7358,5.036,5.5265,5.8853,6.6196,6.918,7.0986,7.206,7.316,7.3436,7.5041,7.5047
2026-08-03,4.7609,5.022,5.5271,5.9381,6.6651,6.9718,7.1637,7.2786,7.3712,7.3859,7.5216,7.5203
2026-07-31,4.766,5.0265,5.5261,5.9487,6.7015,7.0125,7.2088,7.3259,7.433,7.4299,7.5414,7.5436
2026-07-30,4.7931,5.0088,5.505,5.9384,6.6881,7.0025,7.206,7.3273,7.4573,7.5066,7.5399,7.5398
2026-07-29,4.79,5.0058,5.5225,5.9534,6.6547,6.9636,7.1596,7.2799,7.4179,7.4358,7.5562,7.5573
2026-07-28,4.8239,5.0462,5.4993,5.9633,6.6466,6.9666,7.18,7.3153,7.4689,7.4731,7.6784,7.6858
2026-07-27,4.8108,5.0763,5.5145,5.994,6.6818,6.9893,7.2169,7.3708,7.552,7.6153,7.43,7.4325
2026-07-24,4.7819,5.0628,5.4814,5.9696,6.7234,7.0351,7.2639,7.4015,7.5446,7.605,7.4354,7.4315
2026-07-23,4.7486,5.0057,5.4551,5.9701,6.6263,6.9461,7.1759,7.3241,7.4837,7.5427,7.4342,7.4284
2026-07-22,4.7638,5.0218,5.4842,5.9825,6.6066,6.8972,7.118,7.2588,7.4163,7.511,7.4282,7.4216
2026-07-21,4.736,5.0389,5.5271,5.9789,6.6065,6.8852,7.098,7.24,7.3794,7.366,7.8189,7.8107
2026-07-20,4.8057,5.0557,5.5117,6.0029,6.638,6.8811,7.06,7.1764,7.3106,7.3195,7.7093,7.7095
2026-07-17,4.7243,5.0601,5.5324,5.9811,6.5547,6.8199,7.014,7.146,7.3008,7.2826,7.0325,7.0323
2026-07-16,4.7244,5.0564,5.5295,5.9717,6.5168,6.7748,6.963,7.0949,7.2626,7.2815,7.0312,7.0311
2026-07-15,4.7379,5.075,5.5545,5.9759,6.5167,6.7772,6.9628,7.0883,7.2483,7.2559,7.0328,7.0317
2026-07-14,4.7614,5.0824,5.5813,5.975,6.5502,6.8325,7.027,7.1488,7.2935,7.3408,7.0357,7.0312
2026-07-13,4.7593,5.0774,5.5803,6.0163,6.4732,6.7193,6.9008,7.0202,7.1602,7.2342,7.03,7.0316
2026-07-10,4.7554,5.0577,5.5776,5.9518,6.4242,6.6596,6.8365,6.9643,7.1413,7.2634,7.0333,7.0326
2026-07-09,4.7704,5.0621,5.5618,5.9752,6.4354,6.6948,6.8871,7.019,7.1696,7.2472,7.0326,7.0321
2026-07-08,4.7921,5.0557,5.5665,5.9627,6.3454,6.5593,6.7294,6.85,7.0035,7.1366,7.036,7.0346
2026-07-07,4.8342,5.0787,5.5538,5.9641,6.3223,6.5288,6.6926,6.8101,6.9631,7.0955,7.0376,7.0355
2026-07-06,4.8189,5.0953,5.5709,6.0105,6.3397,6.5424,6.7018,6.818,6.98,7.1268,7.0357,7.0357
2026-07-03,4.9,5.1237,5.5307,5.9477,6.3436,6.5484,6.7114,6.8291,6.9795,7.1482,7.0377,7.0356
2026-07-02,4.9278,5.1518,5.5678,5.9457,6.3376,6.5488,6.7135,6.8302,6.9606,7.1072,7.038,7.0362
2026-07-01,4.9087,5.1544,5.5774,5.9369,6.3455,6.5583,6.7248,6.8407,6.9535,7.0978,7.0417,7.0365
2026-06-30,4.9374,5.1772,5.6079,5.948,6.3043,6.5023,6.6562,6.7542,6.851,6.9112,6.9819,6.9829
2026-06-29,4.9221,5.1865,5.605,5.9601,6.3207,6.5007,6.6441,6.743,6.8509,6.9267,6.9956,6.9948
2026-06-26,4.9229,5.192,5.5742,5.9761,6.3186,6.4894,6.6288,6.7284,6.8389,6.9285,6.8998,6.8984
2026-06-25,4.9224,5.1835,5.5635,5.9843,6.305,6.4821,6.6233,6.7242,6.8354,6.9329,7.0403,7.0395
2026-06-24,4.9051,5.1665,5.5506,5.9854,6.3429,6.5363,6.6882,6.7924,6.9007,7.006,7.2041,7.2004
2026-06-23,4.8876,5.1268,5.5371,5.9541,6.3231,6.5126,6.6582,6.7591,6.8774,7.0253,6.9945,6.9915
2026-06-22,4.7983,5.1499,5.56,6.1469,6.3115,6.4853,6.6204,6.7172,6.8354,6.9755,6.9931,6.9918
2026-06-19,4.7491,5.0886,5.5095,6.0183,6.3002,6.4633,6.5905,6.6861,6.8229,6.9694,6.9929,6.9919
2026-06-18,4.7482,5.0907,5.5793,6.0035,6.3062,6.4581,6.5845,6.6823,6.8092,6.9763,7.0484,7.0471
2026-06-17,4.7313,5.0533,5.5182,6.0023,6.2989,6.4474,6.5727,6.6739,6.8013,6.9099,7.0501,7.046
2026-06-16,4.6822,5.0369,5.5137,6.0127,6.3127,6.4229,6.5241,6.6187,6.7661,6.8893,7.0481,7.0454
2026-06-15,4.6615,5.062,5.5306,6.1269,6.543,6.6809,6.7639,6.8114,6.859,6.882,7.206,7.1935
2026-06-11,4.6129,5.011,5.4506,6.107,6.7681,6.9977,7.1676,7.2874,7.4308,7.4934,7.6129,7.6138
2026-06-10,4.6089,5.0084,5.4692,6.1352,6.8589,7.1049,7.287,7.411,7.5144,7.6813,7.6449,7.6377
2026-06-09,4.5998,4.9828,5.4449,6.1615,6.8628,7.127,7.3168,7.446,7.5546,7.6438,7.607,7.5961
2026-06-08,4.5858,4.9762,5.4382,6.1616,6.8379,7.0949,7.2721,7.3924,7.4899,7.5316,7.5969,7.5961
2026-06-05,4.7051,4.9562,5.3645,6.0644,6.8175,7.0692,7.246,7.3714,7.4853,7.5293,7.5965,7.5957
2026-06-04,4.7326,4.9808,5.3873,6.0595,6.833,7.0891,7.265,7.3899,7.4976,7.5396,7.5553,7.5544
2026-06-03,4.7368,4.9887,5.3907,6.0687,6.7808,7.0434,7.2259,7.3527,7.4681,7.4795,7.554,7.5543
2026-06-02,4.7279,4.998,5.4725,6.103,6.7659,7.0281,7.2028,7.3216,7.4397,7.5066,7.553,7.5522
2026-06-01,4.6006,4.9789,5.502,6.1915,6.8058,7.0595,7.2189,7.3315,7.4672,7.4902,7.5503,7.5527
2026-05-29,4.5892,4.9893,5.4041,6.1067,6.8037,7.0665,7.2279,7.3377,7.4708,7.5208,7.5829,7.5548
2026-05-28,4.6169,5.0094,5.4303,6.081,6.8572,7.1214,7.281,7.3751,7.4737,7.5356,7.7076,7.7064
2026-05-26,4.7376,5.049,5.4286,6.0584,6.8813,7.1669,7.3465,7.4492,7.5536,7.6214,7.7046,7.7062
2026-05-25,4.7953,5.0684,5.4544,6.0173,6.9347,7.2011,7.3481,7.4264,7.5031,7.5495,7.6896,7.6817
2026-05-22,4.8125,5.0563,5.4593,5.9534,6.9359,7.202,7.3598,7.454,7.595,7.7461,7.6806,7.6766
2026-05-21,4.7601,5.059,5.4698,5.9792,6.9107,7.187,7.3466,7.4423,7.5885,7.7872,7.6842,7.6769
2026-05-20,4.7435,5.0496,5.4445,5.9127,6.9503,7.2366,7.3831,7.4688,7.603,7.8094,7.7865,7.7682
2026-05-19,4.6855,5.0,5.427,5.8994,6.937,7.234,7.3765,7.4485,7.558,7.7853,7.7632,7.7679
2026-05-18,4.6666,4.9643,5.3942,5.8607,6.79,7.1286,7.3494,7.4787,7.6042,7.6415,7.7799,7.7795
2026-05-15,4.5214,4.9111,5.2914,5.914,6.7713,7.1036,7.3194,7.4427,7.5666,7.6151,7.744,7.744
2026-05-14,4.6424,4.9211,5.3089,5.867,6.7014,7.0387,7.2705,7.4275,7.5869,7.5487,7.5596,7.5561
2026-05-13,4.8483,4.9169,5.3167,5.8303,6.7055,6.9889,7.1745,7.2864,7.4006,7.5076,7.5512,7.556
2026-05-12,4.8065,4.8855,5.342,5.8402,6.5209,6.8236,7.0284,7.1516,7.2732,7.3728,7.5506,7.5566
2026-05-11,4.71,4.8276,5.2631,5.5435,6.4258,6.7266,6.9108,7.0106,7.1208,7.2978,7.5004,7.4992
2026-05-08,4.7273,4.7998,5.2372,5.4295,6.3933,6.6873,6.8595,6.9547,7.0652,7.2366,7.4987,7.5015
2026-05-07,4.5798,4.7909,5.1732,5.4613,6.3364,6.6603,6.8719,6.9842,7.097,7.18,7.81,7.8246
2026-05-06,4.6415,4.7364,5.0776,5.3929,6.3048,6.7492,7.0861,7.2864,7.4498,7.5045,7.8137,7.8067
2026-05-05,4.5502,4.6854,4.8606,5.3178,6.2128,6.659,6.9761,7.1424,7.2649,7.3234,7.8352,7.8078
2026-05-04,4.551,4.6423,4.8566,5.2555,6.06,6.4579,6.7443,6.9122,7.0248,7.0581,6.906,6.9057
2026-04-30,4.3266,4.6217,4.7602,5.2143,6.0459,6.446,6.7237,6.8708,6.9507,6.9591,6.9082,6.9059
2026-04-29,4.2957,4.5284,4.7359,5.1255,5.954,6.3283,6.579,6.7249,6.8382,6.8425,6.9065,6.9028
2026-04-28,4.2965,4.5131,4.6949,5.1316,5.9191,6.2721,6.5158,6.6679,6.8191,6.8763,6.9576,6.9549
2026-04-27,4.4618,4.512,4.6781,5.0809,5.8534,6.1948,6.4262,6.5705,6.7187,6.8169,6.9595,6.9577
2026-04-24,4.4148,4.5469,4.6632,5.0583,5.8022,6.136,6.3603,6.5137,6.7099,6.7956,6.9402,6.9463
2026-04-23,4.4068,4.5491,4.6615,5.0557,5.7276,6.03,6.2409,6.3919,6.5965,6.7045,6.9262,6.9283
2026-04-22,4.3911,4.5353,4.6561,5.0571,5.7004,5.9843,6.1979,6.3643,6.5897,6.6745,6.7323,6.7301
2026-04-21,4.2368,4.5285,4.6978,5.0953,5.7097,5.992,6.1959,6.3501,6.5582,6.6511,6.7303,6.7301
2026-04-20,4.249,4.5412,4.6629,5.1095,5.7211,5.9962,6.1934,6.338,6.5353,6.6471,6.7357,6.7299
2026-04-17,4.3611,4.6183,4.708,5.0969,5.7345,6.0079,6.2079,6.3552,6.5568,6.6604,6.8754,6.8717
2026-04-16,4.3664,4.6249,4.778,5.1299,5.7462,6.0101,6.2011,6.3366,6.5175,6.6441,6.8571,6.8558
2026-04-15,4.383,4.652,4.8462,5.1296,5.7771,6.0246,6.2126,6.3563,6.5222,6.6133,6.823,6.8198
2026-04-14,4.4948,4.7027,4.8569,5.1361,5.7552,6.0165,6.2079,6.3499,6.5159,6.607,6.8617,6.8602
2026-04-13,4.4965,4.7058,4.9289,5.1727,5.7635,6.0538,6.2686,6.4139,6.5748,6.7356,6.8622,6.8584
2026-04-10,4.5397,4.7599,4.9141,5.1591,5.7461,6.026,6.2388,6.3837,6.5214,6.598,6.8632,6.8575
2026-04-08,4.5589,4.8284,4.9903,5.1807,5.7531,6.02,6.2258,6.3702,6.5145,6.6076,6.8361,6.8315
2026-04-07,4.739,4.9476,5.0741,5.2065,5.9149,6.184,6.3805,6.5339,6.7152,6.8371,7.0229,7.0167
2026-04-06,4.7497,4.9562,5.0973,5.2081,5.9598,6.241,6.4314,6.5699,6.7257,6.7664,7.0172,7.018
2026-04-01,4.7054,4.9897,5.1253,5.1803,5.9636,6.2524,6.4624,6.6218,6.7919,6.8308,7.0237,7.0168
2026-03-31,4.6982,4.9833,5.1189,5.1665,6.0275,6.3402,6.5546,6.7064,6.8774,6.931,7.013,7.0129
2026-03-30,4.8369,5.0095,5.0871,5.1791,6.0322,6.3511,6.5711,6.7246,6.9075,6.9791,7.0111,7.0119
2026-03-27,4.8315,4.9854,5.0695,5.1905,6.0153,6.3277,6.5457,6.7081,6.9147,7.0194,7.0028,7.0041
2026-03-26,4.822,4.9877,5.0682,5.1748,6.0054,6.3259,6.5571,6.7253,6.918,6.983,7.0125,7.0021
2026-03-25,4.8352,5.0129,5.0712,5.1578,6.0969,6.4068,6.6346,6.797,6.9585,7.0316,7.2473,7.249
2026-03-24,4.8384,5.0041,5.061,5.1508,6.1945,6.513,6.7255,6.867,7.0199,7.0576,7.2456,7.2472
2026-03-23,4.8309,4.9633,5.0035,5.1279,6.173,6.4458,6.6283,6.7543,6.9261,7.139,7.2544,7.2469
2026-03-19,4.7438,4.9813,4.9581,5.0886,6.0039,6.266,6.4567,6.5913,6.7529,6.9072,7.2432,7.2455
2026-03-18,4.7399,4.9129,4.9204,5.0761,5.9182,6.1941,6.3994,6.5423,6.6851,6.785,7.253,7.2516
2026-03-17,4.6647,4.8693,4.8523,5.0503,5.8618,6.1574,6.3704,6.5059,6.6574,6.8125,7.1544,7.1517
2026-03-16,4.6465,4.844,4.8277,5.0263,5.796,6.0787,6.282,6.418,6.5942,6.7416,6.6217,6.6154
2026-03-13,4.5789,4.858,4.8516,5.0297,5.6872,5.9408,6.1479,6.3009,6.4757,6.6248,6.549,6.5452
2026-03-12,4.5494,4.82,4.8433,5.0248,5.6722,5.9222,6.1292,6.2875,6.4763,6.6145,6.547,6.5416
2026-03-11,4.5044,4.8208,4.8588,4.9201,5.6627,5.8985,6.1068,6.271,6.4543,6.5386,6.5491,6.5461
2026-03-10,4.4857,4.6953,4.7501,4.8734,5.6434,5.9012,6.138,6.3284,6.5563,6.6626,6.5454,6.5456
2026-03-09,4.3988,4.5754,4.6541,4.7297,5.5537,5.8115,5.9996,6.1295,6.2689,6.4478,6.5659,6.5496
2026-03-06,4.3788,4.537,4.5881,4.6658,5.4295,5.6402,5.7955,5.9253,6.13,6.3182,6.5548,6.551
2026-03-05,4.3392,4.5037,4.5829,4.6632,5.3223,5.5231,5.6658,5.7815,5.9725,6.1796,6.5532,6.5542
2026-03-04,4.2974,4.4677,4.5739,4.6687,5.3177,5.5315,5.6862,5.8094,6.0012,6.1883,6.6053,6.6042
2026-03-03,4.3091,4.4504,4.5441,4.6235,5.2395,5.424,5.5643,5.6818,5.8747,6.0578,6.5905,6.5947
2026-03-02,4.3089,4.4358,4.5042,4.6085,5.2057,5.3767,5.5093,5.6164,5.7867,5.9779,6.5372,6.5343
2026-02-27,4.2966,4.4312,4.5242,4.6208,5.1526,5.3151,5.4422,5.5515,5.7332,5.9238,6.5371,6.5354
2026-02-26,4.3073,4.4049,4.5185,4.5888,5.1483,5.3149,5.4442,5.5549,5.7317,5.9215,6.5541,6.5522
2026-02-25,4.3238,4.4115,4.5159,4.5819,5.1539,5.3197,5.455,5.5721,5.753,5.9308,6.5794,6.5757
2026-02-24,4.3253,4.4036,4.5226,4.5825,5.1651,5.3476,5.4854,5.6002,5.7753,5.947,6.5783,6.5787
2026-02-23,4.382,4.4178,4.5388,4.5751,5.1671,5.3514,5.4907,5.605,5.7774,5.9601,6.5805,6.5815
2026-02-20,4.3281,4.4319,4.5437,4.5946,5.161,5.3463,5.485,5.5985,5.7732,5.9679,6.5791,6.5821
2026-02-19,4.3643,4.4722,4.5488,4.5821,5.1442,5.331,5.4801,5.6003,5.7736,5.9677,6.5752,6.5776
2026-02-18,4.3727,4.4933,4.5718,4.6196,5.1469,5.3178,5.4609,5.5787,5.7536,5.9279,6.5847,6.5829
2026-02-16,4.3963,4.5314,4.5923,4.6365,5.1568,5.3239,5.4657,5.5848,5.7613,5.9337,6.5842,6.5826
2026-02-13,4.4191,4.5498,4.6354,4.6781,5.1843,5.344,5.4756,5.5878,5.7747,5.9676,6.5824,6.5833
2026-02-12,4.4356,4.5584,4.6431,4.6659,5.1892,5.3578,5.4972,5.6158,5.797,5.9582,6.583,6.5813
2026-02-11,4.458,4.5543,4.6437,4.6663,5.1863,5.3577,5.4969,5.6145,5.7978,5.9618,6.5421,6.5409
2026-02-10,4.4643,4.564,4.6582,4.6801,5.1781,5.354,5.5008,5.6242,5.8085,5.9665,6.5407,6.5401
2026-02-09,4.4786,4.5705,4.6607,4.6986,5.1813,5.3545,5.4949,5.6165,5.8039,5.9629,6.5406,6.5408
2026-02-06,4.4415,4.5705,4.6827,4.7374,5.1613,5.3419,5.487,5.6129,5.8032,5.9598,6.541,6.5403
2026-02-05,4.4943,4.5926,4.6876,4.7356,5.1601,5.3431,5.4912,5.6184,5.8051,5.9616,6.5382,6.5385
2026-02-04,4.5196,4.6282,4.7088,4.7497,5.1695,5.3531,5.4952,5.6174,5.8022,5.9577,6.5251,6.5237
2026-02-03,4.5425,4.6497,4.7271,4.7683,5.1699,5.3521,5.4882,5.6039,5.7931,5.9447,6.5244,6.5231
2026-02-02,4.5792,4.6624,4.7363,4.7772,5.1746,5.3621,5.5076,5.6344,5.836,5.9687,6.5208,6.5186
2026-01-30,4.5863,4.6826,4.7725,4.8412,5.1883,5.3796,5.5283,5.6551,5.8549,5.9868,6.5127,6.5117
2026-01-29,4.592,4.6934,4.7882,4.8477,5.219,5.4057,5.5536,5.6783,5.8698,6.0111,6.4959,6.4944
2026-01-28,4.6213,4.7441,4.8124,4.8583,5.2371,5.4214,5.5683,5.694,5.8907,6.0258,6.4934,6.4922
2026-01-27,4.64,4.747,4.824,4.8602,5.244,5.4355,5.587,5.7119,5.909,6.042,6.4923,6.4921
2026-01-26,4.6302,4.7392,4.8266,4.8773,5.257,5.4517,5.6087,5.7357,5.9227,6.0395,6.4935,6.4932
2026-01-23,4.6412,4.7664,4.8359,4.8912,5.2987,5.4974,5.6489,5.7656,5.9368,6.0635,6.4996,6.4956
2026-01-22,4.6511,4.7779,4.8446,4.9103,5.2959,5.4889,5.6443,5.7686,5.9503,6.0701,6.4993,6.4956
2026-01-21,4.6484,4.7816,4.8666,4.9114,5.3187,5.5139,5.6723,5.7945,5.9645,6.0721,6.4929,6.4898
2026-01-20,4.6787,4.7888,4.8697,4.8576,5.3197,5.5057,5.6588,5.777,5.9347,6.0647,6.4897,6.4848
2026-01-19,4.6876,4.785,4.8709,4.915,5.3012,5.4808,5.6306,5.7472,5.9083,6.0522,6.4899,6.4854
2026-01-16,4.6663,4.7975,4.8811,4.9428,5.2954,5.4709,5.6189,5.7334,5.8923,6.0483,6.4875,6.4852
2026-01-15,4.6911,4.797,4.8821,4.9465,5.2982,5.4686,5.6126,5.7253,5.8855,6.0446,6.4886,6.485
2026-01-14,4.6691,4.8019,4.8928,4.9521,5.2889,5.4521,5.5998,5.7253,5.8918,6.0483,6.4476,6.4463
2026-01-13,4.6865,4.8038,4.8909,4.9519,5.2956,5.4599,5.6053,5.7249,5.8882,6.0302,6.4016,6.3967
2026-01-12,4.6869,4.8017,4.8966,4.9602,5.2961,5.4607,5.6091,5.7301,5.8889,6.0326,6.4034,6.3978
2026-01-09,4.6663,4.8009,4.9097,4.9746,5.2938,5.4594,5.6077,5.7273,5.884,6.0271,6.4043,6.4014
2026-01-08,4.6574,4.7882,4.9066,4.9722,5.2898,5.455,5.6023,5.72,5.8726,6.0014,6.4112,6.4075
2026-01-07,4.646,4.7843,4.9193,4.9936,5.3227,5.481,5.6214,5.7364,5.8895,5.9953,6.4128,6.4105
2026-01-06,4.6756,4.8119,4.9342,5.1481,5.3389,5.5096,5.6599,5.7765,5.9141,6.0186,6.4103,6.4063
2026-01-05,4.6933,4.8387,4.9378,5.0366,5.3516,5.5157,5.6675,5.7874,5.9323,6.0583,6.4121,6.4047
2026-01-02,4.7024,4.8547,4.9769,5.0375,5.3533,5.5143,5.67,5.7964,5.9409,6.0517,6.4099,6.405
2025-12-29,4.6938,4.8496,4.9863,5.0391,5.3721,5.5219,5.6673,5.7879,5.9342,6.0722,6.4126,6.4088
2025-12-26,4.7244,4.8434,4.9725,5.0317,5.3502,5.4984,5.6393,5.7502,5.8883,6.0539,6.4123,6.4076
2025-12-23,4.7191,4.843,4.976,5.0352,5.3329,5.4785,5.6131,5.7221,5.8693,6.0399,6.4143,6.4083
2025-12-22,4.718,4.8852,4.9707,5.0444,5.3066,5.4555,5.5934,5.7053,5.8501,5.9784,6.4067,6.404
2025-12-19,4.6996,4.8496,4.9677,5.0447,5.2971,5.4483,5.5884,5.7018,5.8457,5.979,6.4069,6.4042
2025-12-18,4.6658,4.8448,4.9644,5.0445,5.2973,5.446,5.5832,5.6958,5.8511,6.0309,6.4355,6.4282
2025-12-17,4.6715,4.8487,4.9637,5.05,5.2832,5.43,5.5696,5.6895,5.8614,6.0492,6.4516,6.4471
2025-12-16,4.7042,4.8733,4.9735,5.0376,5.2718,5.4202,5.5636,5.6875,5.8689,6.0611,6.3873,6.3858
2025-12-15,4.6792,4.8573,4.972,5.0298,5.2524,5.4041,5.5503,5.6761,5.8611,6.0409,6.3859,6.3846
2025-12-12,4.6673,4.8683,4.9989,5.0583,5.2463,5.3899,5.5242,5.6397,5.8259,6.0266,6.3883,6.3847
2025-12-11,4.6633,4.8663,4.9896,5.0632,5.206,5.3291,5.4506,5.5641,5.757,5.9904,6.3877,6.3825
2025-12-10,4.6427,4.8654,4.9971,5.0661,5.1958,5.3203,5.4457,5.5627,5.7466,5.9723,6.3883,6.383
2025-12-09,4.6676,4.8622,4.9813,5.0321,5.1951,5.3195,5.4456,5.5639,5.7386,5.9201,6.3872,6.3833
2025-12-05,4.675,4.8732,4.999,5.052,5.1907,5.3077,5.4312,5.5493,5.7266,5.9178,6.3862,6.3828
2025-12-04,4.6458,4.8725,4.9953,5.0478,5.193,5.3111,5.4354,5.5543,5.7283,5.9052,6.3878,6.3838
2025-12-03,4.6652,4.8785,4.9886,5.0452,5.2066,5.3253,5.4442,5.5539,5.7173,5.9198,6.3889,6.3818
2025-12-02,4.695,4.887,4.9877,5.0488,5.2163,5.3395,5.4606,5.5709,5.7385,5.94,6.3878,6.3817
2025-12-01,4.6903,4.8886,4.9914,5.0513,5.2208,5.3396,5.4561,5.5623,5.7329,5.9469,6.3855,6.3795
2025-11-28,4.6572,4.882,4.9999,5.0711,5.2096,5.331,5.4501,5.5588,5.7291,5.9364,6.3836,6.3794
2025-11-27,4.6486,4.876,4.9991,5.0799,5.1752,5.2989,5.4238,5.5392,5.7196,5.9228,6.3833,6.379
2025-11-26,4.6673,4.8868,5.0024,5.0841,5.1581,5.2792,5.4035,5.5202,5.7041,5.9115,6.3839,6.3796
2025-11-25,4.6855,4.8893,5.0093,5.0865,5.1602,5.2822,5.4058,5.521,5.7095,5.9226,6.3785,6.3749
2025-11-24,4.6883,4.8847,5.0015,5.0853,5.1644,5.2862,5.4095,5.5262,5.7175,5.9151,6.3712,6.3735
2025-11-21,4.6598,4.8676,5.0032,5.0852,5.1728,5.2947,5.4169,5.5319,5.7179,5.8956,6.376,6.3789
2025-11-20,4.6405,4.8591,5.0052,5.1001,5.1849,5.3087,5.4307,5.5436,5.7239,5.8953,6.3703,6.3734
2025-11-19,4.6377,4.848,5.0042,5.0962,5.2027,5.324,5.4405,5.5494,5.7301,5.9024,6.3712,6.375
2025-11-18,4.699,4.8685,5.004,5.0961,5.2086,5.3317,5.4512,5.5611,5.7381,5.9238,6.3593,6.3617
2025-11-17,4.7025,4.8778,5.0332,5.0934,5.2058,5.3221,5.4378,5.5477,5.7232,5.9003,6.3726,6.3671
2025-11-14,4.7049,4.8914,5.0425,5.1082,5.1942,5.3063,5.4147,5.5153,5.6854,5.883,6.3701,6.3728
2025-11-13,4.7257,4.8985,5.0446,5.1103,5.2181,5.3149,5.4128,5.5074,5.6728,5.8738,6.3719,6.3736
2025-11-12,4.7388,4.908,5.0524,5.1277,5.2366,5.3343,5.4321,5.5261,5.6945,5.8959,6.3781,6.3822
2025-11-11,4.7619,4.921,5.0543,5.1391,5.2781,5.3837,5.4839,5.5803,5.7495,5.9509,6.3847,6.3828
2025-11-10,4.7567,4.9493,5.0727,5.1782,5.306,5.4161,5.5179,5.6119,5.7729,5.9696,6.382,6.3796
2025-11-07,4.7217,4.9403,5.076,5.18,5.3222,5.4158,5.5182,5.6173,5.7831,5.9778,6.3798,6.3761
2025-11-06,4.7154,4.9144,5.0663,5.1736,5.3493,5.4648,5.5776,5.6771,5.8275,6.0007,6.3851,6.3798
2025-11-05,4.7056,4.909,5.0898,5.1715,5.3567,5.4731,5.5864,5.6884,5.8354,6.0031,6.3772,6.3712
2025-11-04,4.6869,4.9023,5.09,5.1621,5.3627,5.4827,5.5949,5.6948,5.8361,5.9273,6.3747,6.3734
2025-11-03,4.6744,4.9046,5.0944,5.1582,5.3817,5.4984,5.6077,5.7045,5.843,5.9437,6.3757,6.3732
2025-10-30,4.6528,4.8951,5.0966,5.1781,5.3924,5.5055,5.61,5.7025,5.8366,5.9382,6.4221,6.4205
2025-10-29,4.6743,4.8981,5.0945,5.178,5.4017,5.5155,5.6205,5.7128,5.8467,5.9799,6.4249,6.4195
2025-10-28,4.7503,4.9157,5.0871,5.1455,5.4168,5.5275,5.6316,5.7213,5.8478,5.9916,6.4239,6.419
2025-10-27,4.728,4.9025,5.0874,5.1439,5.4166,5.518,5.619,5.7073,5.8343,5.9854,6.4304,6.4243
2025-10-24,4.7048,4.9263,5.0977,5.1626,5.4075,5.5142,5.6143,5.7002,5.8252,5.9794,6.4278,6.4258
2025-10-23,4.7115,4.9261,5.1001,5.1632,5.4014,5.5143,5.6156,5.7016,5.8235,5.9679,6.3881,6.3821
2025-10-22,4.7362,4.9316,5.1018,5.1822,5.3986,5.5109,5.6128,5.7003,5.8231,5.9696,6.4068,6.401
2025-10-21,4.7646,4.938,5.1249,5.1874,5.3984,5.5103,5.6176,5.7093,5.8322,5.9689,6.4092,6.3992
2025-10-20,4.8683,4.9441,5.1043,5.143,5.4071,5.5149,5.6147,5.698,5.8106,5.9217,6.4015,6.3998
2025-10-17,4.8021,4.9708,5.138,5.2031,5.4157,5.5154,5.6079,5.6883,5.8071,5.9529,6.4066,6.3995
2025-10-16,4.7924,4.9584,5.1481,5.1787,5.4129,5.5079,5.5996,5.6798,5.7978,5.9463,6.4065,6.3989
2025-10-15,4.6551,4.9144,5.1553,5.1673,5.419,5.5143,5.6043,5.6827,5.7984,5.9426,6.4062,6.3985
2025-10-14,4.6881,4.9159,5.1704,5.2106,5.4569,5.5474,5.632,5.7053,5.8169,5.9272,6.4195,6.4083
2025-10-13,4.7203,4.9385,5.1722,5.219,5.502,5.5877,5.6665,5.7334,5.8254,5.9204,6.4009,6.4005
2025-10-10,4.7615,4.9706,5.198,5.2786,5.5079,5.6009,5.6832,5.7536,5.8455,5.9556,6.4102,6.4008
2025-10-09,4.7697,4.9744,5.2073,5.2809,5.5504,5.6597,5.7481,5.8198,5.9109,5.9967,6.4413,6.4386
2025-10-08,4.8517,4.978,5.2094,5.2875,5.5887,5.7098,5.8074,5.884,5.9729,6.047,6.4574,6.4552
2025-10-07,4.7508,4.9097,5.2003,5.2944,5.5949,5.7183,5.8155,5.8912,5.9843,6.0644,6.3562,6.3547
2025-10-06,4.7711,4.9267,5.1942,5.2799,5.5824,5.705,5.804,5.881,5.9733,6.019,6.4461,6.4402
2025-10-03,4.7081,4.9153,5.1765,5.3262,5.5765,5.6936,5.7865,5.8611,5.9533,6.0223,6.4397,6.4386
2025-10-02,4.6993,4.8908,5.1738,5.3237,5.5695,5.6902,5.7847,5.8592,5.9503,6.0164,6.4377,6.4377
2025-10-01,4.7411,4.9124,5.1618,5.3233,5.5714,5.6915,5.7876,5.8641,5.9573,6.0236,6.4425,6.4406
2025-09-30,4.7345,4.9061,5.1553,5.2595,5.5657,5.6883,5.788,5.8652,5.959,6.0328,6.4374,6.4399
2025-09-29,4.7268,4.9187,5.1592,5.2476,5.5588,5.6814,5.78,5.8544,5.9459,6.0355,6.3445,6.3436
2025-09-26,4.7537,4.9354,5.1635,5.2607,5.5478,5.6685,5.765,5.8392,5.9328,6.0263,6.3449,6.3434
2025-09-25,4.7744,4.9342,5.1639,5.2635,5.5394,5.6532,5.7423,5.8102,5.9017,6.0051,6.3464,6.3442
2025-09-24,4.8055,4.9381,5.1645,5.2625,5.5369,5.6499,5.7376,5.804,5.8934,5.998,6.3468,6.3463
2025-09-23,4.7979,4.9494,5.1855,5.266,5.5478,5.6555,5.7368,5.7991,5.8869,5.985,6.3472,6.3467
2025-09-22,4.794,4.9481,5.1835,5.291,5.5538,5.6614,5.7433,5.8066,5.8892,5.9787,6.3459,6.3456
2025-09-19,4.8034,4.9458,5.1976,5.3041,5.5559,5.6533,5.7301,5.7912,5.8705,5.964,6.3445,6.3445
2025-09-18,4.9119,5.0103,5.1991,5.2998,5.5596,5.6556,5.7301,5.7889,5.8681,5.9498,6.3448,6.3445
2025-09-17,4.945,5.0406,5.196,5.3101,5.5683,5.6632,5.7352,5.7928,5.8698,5.9401,6.3523,6.3509
2025-09-16,4.968,5.0606,5.2059,5.3142,5.5708,5.6659,5.7374,5.7941,5.8702,5.9418,6.3524,6.3509
2025-09-15,4.9623,5.0611,5.2072,5.333,5.5799,5.6734,5.7482,5.8086,5.8858,5.9562,6.3521,6.3502
2025-09-12,4.9501,5.0896,5.2143,5.3531,5.5977,5.6802,5.7529,5.8131,5.8911,5.9702,6.3493,6.3491
2025-09-11,4.9522,5.113,5.2426,5.3399,5.586,5.6663,5.7374,5.7971,5.8776,5.9575,6.3457,6.3444
2025-09-10,4.9707,5.1203,5.245,5.3815,5.5888,5.668,5.7392,5.7987,5.8757,5.9586,6.3389,6.3365
2025-09-09,4.9802,5.1324,5.2603,5.4015,5.589,5.668,5.7355,5.7912,5.8681,5.9544,6.3391,6.3363
2025-09-08,5.0001,5.15,5.2956,5.43,5.6192,5.6952,5.76,5.8141,5.8931,5.9842,6.3368,6.3356
2025-09-05,4.973,5.1769,5.3135,5.4699,5.6269,5.7086,5.7816,5.8445,5.9299,6.0014,6.3354,6.3348
2025-09-04,4.9828,5.1835,5.3322,5.4763,5.6275,5.7211,5.7967,5.8583,5.9383,6.0025,6.3367,6.3355
2025-09-03,4.9854,5.1832,5.3383,5.4851,5.6254,5.7204,5.7956,5.8555,5.9411,6.0332,6.3365,6.3374
2025-09-02,5.0438,5.1975,5.3475,5.4925,5.6168,5.7065,5.7766,5.8332,5.9166,6.0163,6.3403,6.3414
2025-09-01,5.0572,5.2305,5.4005,5.5102,5.6171,5.6908,5.7539,5.8117,5.905,6.016,6.3405,6.3386
2025-08-29,5.0171,5.2321,5.3921,5.5357,5.6198,5.6908,5.7526,5.8095,5.9011,6.016,6.3384,6.3368
2025-08-28,5.0214,5.234,5.4101,5.5539,5.6157,5.6704,5.7169,5.7631,5.8522,5.9984,6.3419,6.3377
2025-08-27,5.0373,5.2346,5.4393,5.5651,5.6249,5.6794,5.7263,5.7739,5.8647,5.9927,6.3441,6.3416
2025-08-26,5.0379,5.2485,5.4882,5.5803,5.6583,5.7239,5.7785,5.8293,5.9142,6.0139,6.3503,6.3474
2025-08-22,5.0434,5.2578,5.483,5.5985,5.674,5.7419,5.7948,5.8429,5.9221,6.0,6.3514,6.3509
2025-08-20,5.0852,5.2666,5.4833,5.6066,5.6697,5.7428,5.7994,5.8487,5.9212,5.9721,6.3695,6.3704
2025-08-19,5.0826,5.265,5.4862,5.6212,5.6595,5.731,5.7901,5.8413,5.9166,5.9856,6.3908,6.3939
2025-08-18,5.1267,5.2818,5.4958,5.6282,5.6616,5.7366,5.797,5.8488,5.9299,6.0095,6.4195,6.4201
2025-08-15,5.1289,5.2921,5.5066,5.6592,5.6597,5.7361,5.7959,5.8469,5.9254,6.0066,6.4165,6.417
2025-08-14,5.1228,5.3001,5.5023,5.6714,5.6662,5.7404,5.799,5.8475,5.9224,6.0029,6.4206,6.4212
2025-08-13,5.2764,5.3291,5.5029,5.6391,5.6728,5.757,5.8223,5.8757,5.9662,6.1061,6.4489,6.4457
2025-08-12,5.2378,5.332,5.5228,5.6487,5.6758,5.7622,5.8302,5.8835,5.9709,6.0865,6.446,6.4455
2025-08-11,5.242,5.3395,5.5319,5.6518,5.6904,5.7732,5.8335,5.8803,5.9606,6.0774,6.4466,6.4457
2025-08-08,5.2503,5.3704,5.5575,5.6657,5.6858,5.7828,5.8485,5.8951,5.9642,6.0657,6.4643,6.4622
2025-08-07,5.246,5.3587,5.5535,5.6654,5.6818,5.7793,5.8447,5.8903,5.955,6.0415,6.4655,6.4627
2025-08-06,5.2562,5.3648,5.5544,5.6636,5.6962,5.7952,5.869,5.9236,5.9994,6.0827,6.4779,6.477
2025-08-05,5.3074,5.3976,5.5518,5.6583,5.7041,5.8038,5.8784,5.9377,6.0333,6.1394,6.5507,6.5503
2025-08-04,5.3188,5.4112,5.5481,5.6572,5.6908,5.8005,5.8851,5.9519,6.0565,6.1579,6.5521,6.5518
2025-08-01,5.3105,5.4152,5.557,5.6628,5.7096,5.8184,5.9036,5.9734,6.0863,6.2031,6.5609,6.5584
2025-06-27,5.2119,5.4794,5.642,5.6955,5.7189,5.788,5.857,5.9341,6.1041,6.32,6.6412,6.638
2025-06-26,5.1765,5.4755,5.6329,5.6894,5.7181,5.7908,5.8608,5.939,6.1152,6.3355,6.6475,6.6456
2025-06-25,5.1974,5.4824,5.6277,5.6886,5.7129,5.7903,5.8641,5.9469,6.1259,6.3366,6.6479,6.6455
2025-06-24,5.1752,5.4885,5.6213,5.6871,5.7106,5.7915,5.8688,5.9553,6.1455,6.378,6.65,6.6475
2025-06-23,5.1567,5.4835,5.618,5.6804,5.7275,5.8153,5.899,5.9888,6.1822,6.4209,6.6468,6.647
2025-06-20,5.1422,5.4714,5.6213,5.6842,5.7375,5.8258,5.9099,5.9988,6.1857,6.4131,6.6478,6.6469
2025-06-19,5.1307,5.4638,5.6165,5.6928,5.7388,5.8232,5.9051,5.9925,6.1737,6.3877,6.648,6.647
2025-06-18,5.1926,5.4741,5.6062,5.6903,5.7389,5.823,5.9089,6.0003,6.1809,6.3866,6.6494,6.6465
2025-06-17,5.4655,5.4899,5.543,5.667,5.7399,5.8199,5.9018,5.9906,6.1737,6.3945,6.6429,6.6553
2025-06-16,5.4468,5.47,5.541,5.6628,5.7346,5.8194,5.9052,5.9938,6.1684,6.3798,6.6402,6.6515
2025-06-13,5.2491,5.4404,5.57,5.6916,5.7081,5.7925,5.8707,5.9509,6.1212,6.3503,6.6113,6.6163
2025-06-11,5.226,5.4394,5.5664,5.817,5.7073,5.7757,5.8483,5.9292,6.1067,6.3341,6.6046,6.6139
2025-06-10,5.2541,5.4409,5.5593,5.6735,5.7122,5.7712,5.8333,5.9065,6.0744,6.3047,6.5969,6.5942
2025-06-09,5.3123,5.4452,5.5595,5.6845,5.7083,5.7647,5.8274,5.9022,6.0723,6.3053,6.597,6.594
2025-06-05,5.2747,5.4413,5.6097,5.6814,5.7147,5.7673,5.828,5.9007,6.068,6.2997,6.6021,6.5989
2025-06-04,5.2633,5.4147,5.5722,5.7,5.7103,5.7723,5.8366,5.9091,6.0725,6.309,6.602,6.5989
2025-06-03,5.2289,5.4155,5.5774,5.7062,5.7091,5.7684,5.8309,5.9012,6.0567,6.2788,6.6008,6.5977
2025-06-02,5.2524,5.4222,5.5865,5.7211,5.7102,5.7679,5.8289,5.8981,6.053,6.2765,6.5989,6.5956
2025-05-30,5.2547,5.433,5.5968,5.7253,5.7113,5.7699,5.8305,5.8986,6.0492,6.2569,6.5981,6.5953
2025-05-29,5.2504,5.4299,5.5917,5.7299,5.7274,5.7767,5.8314,5.8953,6.0408,6.2519,6.5983,6.5945
2025-05-28,5.2573,5.4362,5.5926,5.7265,5.7329,5.7788,5.8304,5.8924,6.0372,6.2465,6.5047,6.5028
2025-05-27,5.3393,5.4612,5.582,5.7117,5.736,5.7823,5.8322,5.8919,6.0377,6.2523,6.5042,6.5027
2025-05-26,5.2419,5.453,5.5986,5.7409,5.7338,5.7792,5.8277,5.8865,6.0356,6.2641,6.5032,6.5047
2025-05-23,5.1858,5.4551,5.6098,5.7398,5.7521,5.7978,5.8421,5.8981,6.0421,6.2693,6.4771,6.5016
2025-05-22,5.1494,5.448,5.6076,5.739,5.7584,5.8039,5.8474,5.9001,6.0334,6.2456,6.3226,6.3193
2025-05-21,5.1481,5.4541,5.6292,5.7456,5.7572,5.7929,5.8316,5.8821,6.0107,6.182,6.1548,6.1548
2025-05-20,5.1779,5.4781,5.6441,5.7448,5.764,5.7967,5.8319,5.8811,6.0098,6.1763,6.1542,6.1542
2025-05-19,5.4402,5.5072,5.6103,5.7046,5.7706,5.7982,5.8303,5.8783,6.0095,6.1924,6.153,6.1529
2025-05-16,5.446,5.5126,5.6257,5.6996,5.7571,5.7907,5.8291,5.8808,6.0064,6.1732,6.2726,6.273
2025-05-15,5.4193,5.5246,5.6413,5.6932,5.7678,5.8027,5.8445,5.9021,6.0346,6.2106,6.2961,6.3001
2025-05-14,5.4438,5.5345,5.628,5.6858,5.7637,5.7955,5.8329,5.8834,6.0118,6.2018,6.1607,6.1611
2025-05-13,5.4465,5.5477,5.6431,5.6851,5.7547,5.79,5.83,5.8832,6.0074,6.1792,6.2503,6.2509
2025-05-09,5.249,5.5227,5.6708,5.7152,5.7642,5.785,5.8184,5.8663,5.9751,6.1438,6.2535,6.2513
2025-05-08,5.1574,5.5062,5.6922,5.7311,5.7716,5.7996,5.8351,5.8822,5.9894,6.153,6.309,6.3093
2025-05-07,5.1675,5.5102,5.6936,5.7354,5.7715,5.8064,5.8491,5.901,6.0151,6.1798,6.304,6.3041
2025-05-06,5.187,5.5193,5.6927,5.74,5.7785,5.8159,5.8634,5.9285,6.0747,6.2694,6.3037,6.3027
2025-05-05,5.292,5.5443,5.6557,5.7302,5.7732,5.8045,5.8512,5.915,6.0609,6.2679,6.3047,6.3011
2025-05-02,5.2292,5.5146,5.6713,5.7183,5.7668,5.7967,5.8446,5.9081,6.0528,6.2603,6.3054,6.3024
2025-04-30,5.2415,5.4933,5.6733,5.7469,5.7578,5.7919,5.8412,5.9057,6.0525,6.2616,6.363,6.3606
2025-04-29,5.1555,5.4752,5.6435,5.7371,5.759,5.7949,5.8463,5.9125,6.0634,6.296,6.4032,6.4008
2025-04-28,5.1803,5.4545,5.6456,5.7329,5.7567,5.7948,5.8486,5.9208,6.0907,6.3424,6.4045,6.4009
2025-04-25,5.1952,5.4558,5.6089,5.7362,5.7546,5.796,5.8517,5.9247,6.0928,6.3404,6.3217,6.3178
2025-04-24,5.1423,5.4425,5.6127,5.7284,5.7626,5.8036,5.8613,5.9354,6.0977,6.293,6.3199,6.3182
2025-04-23,5.1617,5.4387,5.6098,5.7338,5.7592,5.8024,5.8604,5.934,6.0954,6.2907,6.3202,6.3184
2025-04-22,5.142,5.4289,5.6071,5.7399,5.7546,5.802,5.8681,5.9466,6.1101,6.3064,6.3188,6.3166
2025-04-21,5.248,5.4312,5.6099,5.704,5.7742,5.8158,5.8739,5.946,6.1059,6.2881,6.3188,6.3181
2025-04-16,5.246,5.4133,5.6308,5.6841,5.7652,5.8084,5.8684,5.9425,6.1071,6.3013,6.3189,6.3184
2025-04-15,5.1481,5.4057,5.6351,5.7582,5.7628,5.8216,5.8926,5.9727,6.1399,6.3096,6.3174,6.3187
2025-04-14,5.1949,5.3896,5.6213,5.7763,5.7544,5.8158,5.8902,5.976,6.1496,6.2713,6.3141,6.3176
2025-04-11,5.0908,5.3701,5.618,5.7804,5.7505,5.8097,5.8865,5.9774,6.1572,6.2576,6.3156,6.3156
2025-04-10,5.0936,5.3739,5.6329,5.7739,5.7487,5.7912,5.8499,5.9213,6.0631,6.1869,6.3193,6.3162
2025-04-08,5.0809,5.3604,5.6364,5.7687,5.7313,5.7601,5.8108,5.8815,6.0287,6.1413,6.3175,6.3172
2025-04-07,5.0711,5.3603,5.6191,5.7707,5.7256,5.7502,5.7919,5.8541,5.9925,6.1262,6.3185,6.3184
2025-04-04,5.1288,5.3454,5.6819,5.7735,5.7253,5.7408,5.7783,5.832,5.9489,6.1019,6.3165,6.3158
2025-04-03,5.1128,5.3377,5.6737,5.7863,5.7508,5.7988,5.8561,5.9164,6.0313,6.1706,6.3168,6.3144
2025-04-02,5.207,5.3188,5.656,5.7691,5.7434,5.7805,5.833,5.8949,6.0219,6.1923,6.3186,6.3145
2025-03-31,5.1767,5.3091,5.623,5.7629,5.7451,5.7798,5.8317,5.8932,6.0189,6.192,6.3185,6.3147
2025-03-28,5.1064,5.2978,5.6163,5.7763,5.7475,5.7831,5.8362,5.9001,6.0353,6.219,6.318,6.3149
2025-03-27,5.0317,5.2293,5.5935,5.7299,5.7574,5.7988,5.8544,5.9209,6.0617,6.2327,6.317,6.315
2025-03-26,5.1307,5.2484,5.5733,5.7251,5.7723,5.8173,5.8763,5.9463,6.0923,6.2544,6.3166,6.3151
2025-03-25,5.0913,5.2101,5.5654,5.7074,5.7725,5.8226,5.8865,5.9617,6.1137,6.2652,6.3078,6.3057
2025-03-24,5.0627,5.1954,5.536,5.6926,5.7723,5.8273,5.8952,5.9703,6.1118,6.2486,6.3058,6.3038
2025-03-21,5.1073,5.1769,5.5258,5.6877,5.7774,5.8313,5.8939,5.9631,6.0985,6.2425,6.3063,6.3062
2025-03-20,5.0699,5.1936,5.5222,5.693,5.7707,5.8258,5.8902,5.9618,6.1023,6.2577,6.3144,6.3123
2025-03-19,5.0237,5.2029,5.5312,5.6862,5.773,5.8279,5.8891,5.9569,6.097,6.2501,6.3143,6.3127
2025-03-18,5.0516,5.2246,5.5502,5.6782,5.7778,5.8323,5.8939,5.9627,6.1046,6.246,6.3147,6.3128
2025-03-17,5.061,5.235,5.5622,5.7669,5.7857,5.8369,5.8945,5.9622,6.1037,6.2448,6.3146,6.3123
2025-03-14,5.0744,5.2499,5.5675,5.792,5.8041,5.8437,5.8936,5.9525,6.0781,6.2301,6.3153,6.313
2025-03-13,5.0789,5.2445,5.5577,5.8127,5.8104,5.853,5.902,5.9579,6.0775,6.2291,6.3156,6.3136
2025-03-12,5.0559,5.2531,5.5507,5.8007,5.8156,5.8558,5.9021,5.9551,6.0695,6.2242,6.3371,6.3341
2025-03-11,5.0616,5.2631,5.5461,5.8107,5.8113,5.8528,5.9019,5.9568,6.0728,6.224,6.3477,6.3457
2025-03-10,5.0457,5.2748,5.5437,5.8116,5.8455,5.897,5.9459,5.994,6.0955,6.227,6.3479,6.3467
2025-03-07,4.9877,5.2702,5.5681,5.7941,5.8606,5.9134,5.9628,6.0092,6.1025,6.2097,6.3459,6.345
2025-03-06,4.9816,5.2668,5.5747,5.8019,5.8598,5.9103,5.9573,6.0019,6.0931,6.2006,6.349,6.3477
2025-03-05,5.0605,5.3106,5.6138,5.7917,5.8553,5.9081,5.9546,5.9969,6.0813,6.1791,6.3501,6.3479
2025-03-04,5.1174,5.3294,5.6134,5.7925,5.8427,5.8867,5.9269,5.9655,6.0407,6.14,6.3454,6.3434
2025-03-03,5.0497,5.2968,5.6128,5.7952,5.8252,5.8596,5.8957,5.9347,6.0146,6.1108,6.3458,6.346
2025-02-28,5.0132,5.2794,5.6116,5.7842,5.8205,5.8503,5.8831,5.9212,6.0036,6.1245,6.3474,6.3462
2025-02-27,5.0082,5.2701,5.6089,5.7819,5.8117,5.8471,5.8801,5.9159,5.9931,6.1167,6.3469,6.3452
2025-02-26,4.9729,5.273,5.6103,5.7739,5.7934,5.8276,5.8665,5.9104,5.9991,6.1197,6.3457,6.3441
2025-02-25,4.9688,5.2967,5.6045,5.7775,5.7903,5.8267,5.8672,5.9122,6.0026,6.1229,6.3467,6.3451
2025-02-24,5.0354,5.3304,5.5989,5.7832,5.8002,5.8417,5.8816,5.9249,6.0114,6.1221,6.3491,6.3462
2025-02-21,4.9579,5.2933,5.592,5.7889,5.7991,5.8417,5.8814,5.9225,6.0088,6.1326,6.3589,6.3558
2025-02-20,4.9614,5.3129,5.5902,5.7893,5.8055,5.8513,5.8901,5.9284,6.0099,6.1312,6.3581,6.3556
2025-02-19,4.9464,5.2774,5.5975,5.7886,5.8162,5.8671,5.9124,5.9556,6.0373,6.1305,6.3476,6.3006
2025-02-18,4.9346,5.2367,5.5954,5.791,5.8093,5.8625,5.9105,5.9563,6.0409,6.1317,6.348,6.3009
2025-02-17,5.0277,5.1844,5.5856,5.7659,5.798,5.8518,5.9016,5.9497,6.0382,6.1274,6.3551,6.3447
2025-02-14,5.037,5.1577,5.5641,5.7431,5.7971,5.8537,5.9043,5.9529,6.0428,6.1313,6.3466,6.3045
2025-02-13,5.0504,5.1714,5.5441,5.7406,5.7963,5.8551,5.9064,5.9558,6.0471,6.1492,6.3476,6.3004
2025-02-12,5.0364,5.1631,5.5461,5.7397,5.7781,5.8303,5.874,5.916,6.0002,6.113,6.3462,6.2913
2025-02-11,5.0422,5.1436,5.525,5.7464,5.7824,5.8343,5.8754,5.9132,5.9899,6.1077,6.3466,6.2995
2025-02-10,5.0251,5.1163,5.5104,5.7097,5.7743,5.8299,5.8739,5.9143,5.9943,6.1158,6.3473,6.2996
2025-02-07,4.8201,5.1697,5.4959,5.7201,5.7769,5.8343,5.8786,5.9184,5.9968,6.1178,6.3464,6.3011
2025-02-06,4.9854,5.2332,5.5112,5.7321,5.7622,5.8236,5.871,5.9129,5.993,6.119,6.3482,6.3083
2025-02-05,4.9826,5.2279,5.5039,5.7409,5.7602,5.8267,5.88,5.9278,6.0186,6.1484,6.3481,6.3125
2025-02-04,4.9809,5.2306,5.5039,5.7263,5.7626,5.8402,5.9029,5.9584,6.0648,6.2172,6.3615,6.3129
2025-02-03,5.0094,5.1873,5.492,5.7152,5.7804,5.8663,5.9332,5.9875,6.0876,6.232,6.3793,6.3247
2025-01-31,5.1346,5.2786,5.5219,5.7118,5.7901,5.8758,5.9372,5.9872,6.0831,6.2288,6.3802,6.3301
2025-01-30,5.1767,5.3418,5.5349,5.7601,5.8066,5.8881,5.9464,5.9935,6.0861,6.232,6.3838,6.3265
2025-01-28,5.0385,5.2108,5.5258,5.7425,5.8463,5.9199,5.9668,6.0041,6.0828,6.2116,6.409,6.4051
2025-01-27,5.0313,5.2153,5.5354,5.7825,5.8898,5.9724,6.0243,6.0639,6.1406,6.2593,6.4357,6.4335
2025-01-24,5.1199,5.3122,5.5721,5.8467,5.8939,5.985,6.0418,6.0831,6.1568,6.2452,6.4341,6.4342
2025-01-23,5.1263,5.3179,5.5711,5.8488,5.8988,6.0045,6.0748,6.1225,6.2013,6.2906,6.4376,6.4332
2025-01-22,5.0733,5.2955,5.5796,5.8737,5.9036,6.0077,6.078,6.1263,6.1994,6.2752,6.4333,6.4316
2025-01-21,5.058,5.2982,5.5783,5.8807,5.9308,6.0313,6.092,6.1309,6.1913,6.2636,6.4346,6.4332
2025-01-20,5.2339,5.4208,5.5939,5.8823,5.9569,6.0748,6.1518,6.2,6.266,6.3264,6.3941,6.3927
2025-01-17,5.413,5.4973,5.6265,5.8954,5.948,6.0656,6.1457,6.1975,6.2716,6.3333,6.3931,6.3919
2025-01-16,5.5213,5.5411,5.6618,5.8648,5.9502,6.0578,6.1376,6.1899,6.2683,6.3274,6.393,6.3926
2025-01-15,5.5528,5.6042,5.6921,5.866,5.9403,6.0501,6.135,6.1867,6.2538,6.2917,6.3845,6.3823
2025-01-14,5.5674,5.6322,5.7223,5.8695,5.9376,6.0195,6.0837,6.132,6.2064,6.2273,6.3813,6.3848
2025-01-13,5.6859,5.689,5.7496,5.8733,5.9629,6.0283,6.0758,6.1091,6.1576,6.1901,6.3864,6.3847
2025-01-10,5.7269,5.7511,5.8199,5.8562,5.962,6.0048,6.0372,6.0634,6.1093,6.1485,6.2882,6.2855
2025-01-09,5.729,5.7728,5.8804,5.9402,5.9884,6.0174,6.0396,6.0611,6.103,6.1391,6.2868,6.286
2025-01-08,5.8024,5.8175,5.9021,5.955,5.9882,6.0144,6.0407,6.0646,6.1042,6.1403,6.2864,6.2848
2025-01-07,5.7924,5.8345,5.9494,6.06,6.0273,6.0303,6.0393,6.0515,6.0771,6.1208,6.1008,6.099
2025-01-06,5.566,5.8094,5.9652,6.0375,6.0493,6.0534,6.0631,6.0784,6.1102,6.1435,6.0991,6.0986
2025-01-03,5.5667,5.8286,5.973,6.0491,6.0657,6.0755,6.0925,6.1116,6.1418,6.1567,6.0982,6.0984
2025-01-02,5.7231,5.8506,5.9871,6.1421,6.0857,6.0954,6.1136,6.1379,6.1773,6.1812,6.0983,6.0981
2024-12-27,5.7064,5.894,6.051,6.1776,6.0453,6.0529,6.0748,6.0984,6.1397,6.1764,6.0934,6.0933
2024-12-26,5.8585,5.9139,6.0224,6.0206,6.0314,6.0468,6.0751,6.0973,6.1189,6.1227,6.0931,6.0922
2024-12-23,5.7466,5.9488,6.0878,6.0787,6.0099,6.0165,6.0326,6.0427,6.061,6.1111,6.0962,6.0938
2024-12-20,5.7313,5.9447,6.0765,6.0716,6.0031,6.0098,6.0196,6.0258,6.0327,6.0101,6.0921,6.0943
2024-12-19,5.6039,5.9121,6.0793,6.072,5.9787,5.9796,5.9902,6.0016,6.0174,5.9986,6.0933,6.0941
2024-12-18,5.3473,5.8541,6.0779,6.0722,5.9195,5.9029,5.9046,5.9148,5.9308,5.9415,6.0965,6.0951
2024-12-17,5.5003,5.8795,6.0678,6.0855,5.9209,5.9045,5.9054,5.9137,5.9284,5.943,6.0972,6.0956
2024-12-16,5.4977,5.8359,6.023,6.0636,5.9327,5.9097,5.9006,5.9022,5.9155,5.9494,6.0957,6.0956
2024-12-13,5.4605,5.8404,6.0571,6.0739,5.9457,5.912,5.8924,5.8852,5.8832,5.9172,6.0982,6.0962
2024-12-12,5.5039,5.8259,6.0435,6.0589,5.9247,5.9051,5.8945,5.891,5.8919,5.9408,6.0954,6.0956
2024-12-11,5.5949,5.8274,5.9795,6.0609,5.9224,5.9049,5.8971,5.8969,5.9024,5.9483,6.1009,6.0938
2024-12-10,5.4419,5.7845,5.9629,6.0457,5.9176,5.914,5.9158,5.9185,5.923,5.9656,6.1045,6.0945
2024-12-09,5.2023,5.7476,5.9571,6.0864,5.9163,5.9195,5.9252,5.9296,5.9309,5.9448,6.1759,6.1623
2024-12-06,5.1888,5.6955,5.9724,6.0804,5.9194,5.9196,5.921,5.9205,5.9082,5.8846,6.1725,6.1726
2024-12-05,5.2174,5.692,5.966,6.0798,5.9323,5.9246,5.9203,5.9137,5.8918,5.8654,6.172,6.1728
2024-12-04,5.0223,5.6677,5.9648,6.0458,5.9488,5.9527,5.9607,5.9705,5.9853,5.9717,6.1371,6.1387
2024-12-03,5.0709,5.6735,5.937,6.0347,5.9439,5.9433,5.95,5.9611,5.9822,5.9828,6.1449,6.1471
2024-12-02,5.0674,5.665,5.9291,5.9926,5.9332,5.937,5.9489,5.9635,5.9871,5.9945,6.1484,6.1497
2024-11-29,5.0129,5.6445,5.9236,6.0048,5.9342,5.9327,5.9419,5.9568,5.9871,5.9987,6.1475,6.1489
2024-11-28,4.9987,5.6204,5.9152,5.9765,5.9178,5.9292,5.9462,5.9661,6.005,6.0397,6.1465,6.1467
2024-11-27,4.9862,5.5988,5.9228,5.9558,5.9128,5.9263,5.9435,5.9636,6.0046,6.0434,6.1342,6.135
2024-11-26,5.0125,5.6018,5.9201,5.9556,5.9068,5.9205,5.9369,5.955,5.9906,6.032,6.1065,6.1057
2024-11-25,5.0042,5.5693,5.9131,5.9462,5.9075,5.9216,5.9378,5.9545,5.9873,6.0279,6.1068,6.1061
2024-11-22,4.9519,5.5332,5.8988,5.9409,5.8933,5.9112,5.9357,5.9575,5.9901,6.0215,6.1063,6.1056
2024-11-21,4.9952,5.557,5.9037,5.9233,5.8564,5.8948,5.9252,5.946,5.9779,6.0244,6.1065,6.107
2024-11-20,5.0692,5.5451,5.8701,5.888,5.8556,5.8936,5.9223,5.943,5.9792,6.0406,6.1094,6.107
2024-11-19,5.321,5.5863,5.8768,5.9394,5.8508,5.9031,5.9437,5.9693,6.0026,6.0518,6.1083,6.1063
2024-11-18,5.3009,5.607,5.8831,5.91,5.8598,5.9074,5.9435,5.9729,6.0245,6.075,6.0819,6.0814
2024-11-15,5.453,5.5763,5.8205,5.8264,5.8158,5.8657,5.9067,5.9405,6.0011,6.0722,6.0814,6.0814
2024-11-14,5.3741,5.5378,5.8145,5.8244,5.8028,5.8565,5.899,5.9297,5.9668,5.9833,6.0512,6.0526
2024-11-13,5.3962,5.535,5.7945,5.8102,5.7987,5.8525,5.8936,5.9198,5.9428,5.9507,6.0545,6.0527
2024-11-12,5.3882,5.5197,5.7783,5.787,5.7641,5.8075,5.8432,5.866,5.8969,5.9378,6.0547,6.0533
2024-11-11,5.4816,5.5074,5.7822,5.7526,5.7443,5.7841,5.8172,5.8386,5.8681,5.9107,6.0552,6.0528
2024-11-08,5.4736,5.5078,5.7651,5.7367,5.7217,5.7618,5.7974,5.8197,5.8483,5.8899,6.056,6.053
2024-11-07,5.4676,5.5007,5.7659,5.7405,5.7146,5.7639,5.8134,5.8486,5.8891,5.9129,6.0516,6.0536
2024-11-06,5.5167,5.53,5.7704,5.7427,5.7059,5.7619,5.8186,5.8632,5.9233,5.9551,6.0488,6.0517
2024-11-05,5.0045,5.4681,5.7802,5.8408,5.6639,5.7124,5.7597,5.7971,5.8522,5.9057,6.0576,6.0543
2024-11-04,4.8905,5.4033,5.7588,5.7674,5.6524,5.7021,5.7451,5.7759,5.8187,5.8785,6.0486,6.0478
2024-10-31,4.7597,5.3267,5.7955,5.8008,5.6418,5.6886,5.7301,5.7608,5.8094,5.8771,6.0488,6.0479
2024-10-30,4.7397,5.3007,5.7835,5.7172,5.6342,5.6885,5.7321,5.7645,5.8135,5.8767,6.0485,6.0486
2024-10-29,4.7297,5.2971,5.8147,5.7785,5.614,5.669,5.7169,5.7541,5.8106,5.8764,6.0413,6.0415
2024-10-28,4.6832,5.2524,5.8119,5.7758,5.5989,5.6492,5.6948,5.7321,5.7895,5.85,5.9246,5.9205
2024-10-25,4.6829,5.1979,5.8013,5.7292,5.5868,5.6348,5.6785,5.7156,5.7747,5.8279,5.9082,5.9071
2024-10-24,4.66,5.1442,5.7272,5.7228,5.5806,5.6324,5.678,5.7168,5.7839,5.8517,5.9033,5.9073
2024-10-23,4.958,5.3307,5.675,5.71,5.5624,5.6269,5.6858,5.7342,5.8161,5.8992,5.9076,5.9066
2024-10-22,4.9535,5.3155,5.634,5.7177,5.537,5.6088,5.6721,5.7189,5.7868,5.8342,5.9046,5.9068
2024-10-21,4.6643,5.1981,5.6208,5.7096,5.5102,5.5667,5.6191,5.6596,5.718,5.7669,5.9085,5.9074
2024-10-18,4.6131,5.1499,5.5836,5.6926,5.5068,5.5616,5.6118,5.6495,5.7025,5.7378,5.9037,5.9034
2024-10-17,4.5385,5.0756,5.5497,5.684,5.5095,5.5664,5.6144,5.6494,5.7,5.7344,5.9009,5.9007
2024-10-16,4.5096,5.0509,5.5419,5.6801,5.5247,5.5774,5.6228,5.6528,5.6946,5.7325,5.9011,5.9001
2024-10-15,4.8165,5.1284,5.5152,5.6311,5.5344,5.5852,5.6305,5.6621,5.7061,5.7334,5.9011,5.9003
2024-10-14,4.8004,5.0872,5.5432,5.634,5.5573,5.6041,5.6389,5.6627,5.704,5.7453,5.9212,5.9209
2024-10-11,4.5889,5.0431,5.4469,5.6166,5.56,5.6012,5.6299,5.6504,5.6874,5.7317,5.9214,5.9215
2024-10-10,4.774,5.0628,5.3872,5.6035,5.5618,5.6076,5.6436,5.6719,5.721,5.7638,5.9066,5.9122
2024-10-09,4.8494,5.1048,5.3477,5.5601,5.5755,5.6136,5.6385,5.6573,5.6918,5.7373,5.8613,5.8616
2024-10-08,4.8847,5.1377,5.3366,5.5375,5.5786,5.6241,5.6599,5.686,5.7212,5.7824,5.8583,5.8596
2024-10-07,5.2091,5.2619,5.3373,5.5029,5.5558,5.6116,5.6684,5.7237,5.8207,5.9033,5.9185,5.9179
2024-10-04,4.6656,5.1153,5.2922,5.5086,5.4864,5.5313,5.5725,5.6068,5.6672,5.7576,5.9186,5.9195
2024-10-03,4.5722,5.1042,5.2443,5.503,5.4637,5.5076,5.5521,5.5884,5.6416,5.716,5.914,5.9091
2024-10-02,4.9798,5.1923,5.246,5.4654,5.4562,5.4861,5.5173,5.5481,5.6029,5.6585,5.9076,5.9103
2024-10-01,5.1417,5.2175,5.3293,5.5835,5.4641,5.4908,5.5172,5.5447,5.5941,5.6447,5.9087,5.9102
2024-09-30,5.1307,5.2315,5.3349,5.5199,5.502,5.5149,5.54,5.5709,5.6343,5.7381,5.9126,5.9086
2024-09-27,5.2363,5.2578,5.3818,5.5599,5.5232,5.5357,5.5599,5.5874,5.6416,5.7406,5.9132,5.9081
2024-09-26,5.2213,5.2503,5.4299,5.5571,5.5708,5.5857,5.6089,5.6357,5.6936,5.7739,5.9076,5.9086
2024-09-25,5.1367,5.2717,5.4574,5.5593,5.5823,5.6002,5.6274,5.6604,5.7261,5.7872,5.9049,5.9047
2024-09-24,5.2601,5.2412,5.4107,5.5894,5.5918,5.6131,5.6382,5.6616,5.701,5.744,5.7471,5.7473
2024-09-23,5.464,5.3782,5.8517,5.7848,5.6047,5.613,5.6235,5.6393,5.6742,5.6929,5.7453,5.7487
2024-09-20,5.6416,5.7359,5.8795,5.9249,5.6737,5.6534,5.6338,5.6222,5.6249,5.652,5.7725,5.7405
2024-09-19,5.5956,5.7347,5.8924,5.972,5.7636,5.7519,5.7532,5.7644,5.7941,5.8333,6.061,6.0355
2024-09-18,5.6972,5.7401,5.9228,5.9812,5.9034,5.903,5.9051,5.911,5.9295,5.9621,6.1577,6.1585
2024-09-17,5.7235,5.7941,5.9587,6.0029,5.9433,5.9377,5.9389,5.9462,5.9668,5.9907,6.1687,6.1628
2024-09-16,5.7817,5.8502,5.9798,5.9953,5.9865,5.9907,5.9992,6.0104,6.0316,6.0635,6.2144,6.2138
2024-09-13,5.7832,5.8616,5.9899,6.0118,6.0016,6.0083,6.0193,6.0321,6.0556,6.0926,6.214,6.2134
2024-09-12,5.7836,5.8698,5.9961,6.033,6.0092,6.0186,6.0311,6.0467,6.0823,6.1422,6.2175,6.2129
2024-09-11,5.725,5.8663,6.0003,6.0398,6.0123,6.0211,6.0334,6.049,6.0851,6.1407,6.2184,6.2155
2024-09-10,5.8299,5.8639,5.9806,6.0319,6.011,6.0203,6.034,6.0519,6.0915,6.1395,6.196,6.1963
2024-09-09,5.8697,5.8886,5.9962,6.0331,6.0086,6.0195,6.0338,6.0495,6.0752,6.0918,6.1962,6.1963
2024-09-06,5.7522,5.915,5.9879,6.0734,6.0192,6.0243,6.0319,6.042,6.0606,6.0761,6.1962,6.1967
2024-09-05,5.7328,5.9069,5.9803,6.067,6.0198,6.0279,6.038,6.049,6.0691,6.0899,6.1776,6.1808
2024-09-04,5.7256,5.918,5.9872,6.0662,6.0184,6.0274,6.0398,6.0535,6.0781,6.0986,6.1736,6.1773
2024-09-03,5.7134,5.9168,5.9838,6.0694,6.0198,6.0289,6.0398,6.0511,6.0711,6.0887,6.1743,6.1772
2024-09-02,5.7413,5.913,5.9859,6.071,6.0089,6.0169,6.0291,6.0416,6.0592,6.0732,6.1754,6.1772
2024-08-30,5.6936,5.9154,5.9986,6.0825,6.0091,6.0171,6.0302,6.0432,6.0598,6.0694,6.1759,6.1771
2024-08-29,5.6811,5.9124,5.9819,6.08,6.0086,6.0158,6.0275,6.0398,6.0574,6.069,6.1761,6.1773
2024-08-28,5.6718,5.9099,5.9651,6.0922,6.0047,6.0125,6.0239,6.0353,6.0529,6.0759,6.1775,6.1771
2024-08-27,5.6638,5.9291,6.0638,6.0954,6.0103,6.0167,6.0252,6.034,6.0494,6.0735,6.1778,6.1773
2024-08-22,5.7307,5.9247,6.0559,6.1038,6.0165,6.0177,6.0244,6.0335,6.0492,6.0735,6.178,6.1773
2024-08-21,5.8848,5.9427,6.0369,6.0822,6.0063,6.0145,6.0282,6.0419,6.0557,6.0548,6.1776,6.1773
2024-08-20,5.9094,5.9463,6.028,6.0793,6.0035,6.005,6.0122,6.0222,6.0379,6.0527,6.1713,6.1709
2024-08-19,5.904,5.9539,6.0432,6.0796,6.0,5.9976,6.0011,6.0076,6.021,6.0537,6.1746,6.1711
2024-08-16,5.7162,5.9503,6.1152,6.1489,6.0013,5.9986,6.0011,6.0068,6.0206,6.0582,6.2663,6.2646
2024-08-15,5.7484,5.941,6.0874,6.1257,6.0229,6.0314,6.0467,6.0641,6.0908,6.1104,6.2699,6.2663
2024-08-14,5.8391,5.9425,6.0829,6.1263,6.0279,6.0394,6.0587,6.0805,6.1144,6.1385,6.3012,6.3019
2024-08-13,5.803,5.9164,6.0815,6.1327,6.0317,6.0435,6.0617,6.0828,6.117,6.15,6.3025,6.3018
2024-08-12,5.6016,5.8777,6.0945,6.1673,6.0386,6.0493,6.0662,6.0861,6.1174,6.1498,6.2953,6.2919
2024-08-09,5.5345,5.8429,6.1056,6.1977,6.0261,6.0385,6.0594,6.0825,6.1163,6.1535,6.3206,6.3194
2024-08-08,5.5248,5.8295,6.08,6.1968,6.0058,6.027,6.0553,6.082,6.1169,6.1534,6.3187,6.3194
2024-08-07,5.51,5.816,6.0751,6.188,5.9999,6.0236,6.0564,6.0881,6.1268,6.1615,6.3181,6.3186
2024-08-06,5.5213,5.8116,6.0819,6.1403,5.9912,6.0138,6.045,6.077,6.1244,6.1499,6.3136,6.3138
2024-08-05,5.5169,5.8058,6.085,6.1163,5.9783,6.0007,6.0274,6.0532,6.0904,6.116,6.3151,6.3144
2024-08-02,5.489,5.7871,6.0643,6.1631,5.9918,6.017,6.05,6.0809,6.1162,6.1328,6.3139,6.3132
2024-08-01,5.489,5.7779,6.0577,6.1634,5.9965,6.0222,6.0538,6.0819,6.112,6.1265,6.3145,6.3136
2024-07-31,5.5254,5.793,6.0522,6.1554,6.0079,6.0409,6.0847,6.1243,6.1663,6.1712,6.337,6.3356
2024-07-30,5.5717,5.7737,6.0378,6.1264,6.0198,6.0579,6.1022,6.1402,6.1804,6.1915,6.354,6.3532
2024-07-29,5.5385,5.7446,6.0339,6.1299,6.0267,6.0706,6.1212,6.1641,6.21,6.2204,6.3957,6.3947
2024-07-26,5.4391,5.7294,6.039,6.1583,6.037,6.0893,6.1469,6.1948,6.2488,6.2759,6.4019,6.4013
2024-07-24,5.4975,5.7497,6.0401,6.0951,6.0692,6.1207,6.17,6.2095,6.2549,6.2754,6.4027,6.4021
2024-07-23,5.4971,5.7448,6.0447,6.0975,6.0679,6.1226,6.1725,6.211,6.2542,6.2712,6.4002,6.3998
2024-07-22,5.5239,5.7562,5.9934,6.0884,6.0706,6.1244,6.1726,6.2101,6.2485,6.2638,6.3914,6.3908
2024-07-19,5.5458,5.7355,6.0223,6.1053,6.0657,6.1139,6.1588,6.1956,6.2326,6.2503,6.3828,6.3822
2024-07-18,5.6152,5.7471,5.9837,6.0912,6.0637,6.1144,6.1575,6.1928,6.2312,6.252,6.3654,6.3649
2024-07-17,5.7208,5.7524,5.9696,6.079,6.0542,6.1129,6.1649,6.2044,6.2418,6.2424,6.3619,6.3629
2024-07-16,5.5269,5.7121,6.0083,6.1285,6.042,6.0975,6.143,6.1769,6.2166,6.2423,6.3644,6.3626
2024-07-15,5.5635,5.7176,5.9763,6.0888,6.0552,6.1073,6.1498,6.182,6.2235,6.2678,6.404,6.3651
2024-07-12,5.4808,5.6845,5.9839,6.048,6.0712,6.1089,6.1441,6.1745,6.2201,6.2503,6.3652,6.3619
2024-07-11,5.5335,5.7128,5.9618,6.0451,6.0998,6.1337,6.167,6.1985,6.2438,6.2543,6.3786,6.3749
2024-07-10,5.561,5.6664,5.9463,6.0735,6.1102,6.1393,6.1672,6.196,6.2432,6.2874,6.3656,6.3622
2024-07-09,5.4285,5.6901,6.0276,6.1053,6.1547,6.1947,6.227,6.2528,6.2873,6.3388,6.4971,6.4901
2024-07-08,5.4575,5.7087,5.9708,6.0938,6.1918,6.2273,6.2658,6.3085,6.3777,6.4322,6.5404,6.5377
2024-07-05,5.4678,5.7152,5.9669,6.0848,6.2053,6.2434,6.2888,6.3425,6.4364,6.5116,6.7718,6.7557
2024-07-04,5.4696,5.7108,5.9653,6.0901,6.2094,6.254,6.3024,6.359,6.4642,6.5607,6.818,6.8135
2024-07-03,5.4541,5.7034,5.9716,6.083,6.227,6.2826,6.3383,6.3964,6.5068,6.6296,6.7976,6.7839
2024-07-02,5.631,5.7512,5.9621,6.0689,6.2511,6.3073,6.3608,6.4161,6.5248,6.6487,6.8134,6.8091
2024-07-01,5.6448,5.7348,5.9603,6.0856,6.2564,6.3094,6.3614,6.418,6.5279,6.6461,6.8176,6.8105
2024-06-28,5.6338,5.7433,6.0035,6.0741,6.2577,6.3153,6.371,6.4298,6.5392,6.6535,6.8195,6.8118
2024-06-27,5.6156,5.7098,5.9537,6.0834,6.2624,6.3235,6.3835,6.4449,6.5584,6.6731,6.8293,6.828
2024-06-26,5.6085,5.7027,5.9407,6.061,6.2609,6.3241,6.3868,6.4505,6.5662,6.6817,6.8212,6.8164
2024-06-25,5.6236,5.7043,5.9518,6.0587,6.2656,6.3321,6.3976,6.4631,6.5816,6.6961,6.8308,6.8097
2024-06-24,5.6354,5.7278,5.9581,6.0775,6.2704,6.3379,6.4019,6.4641,6.5805,6.7016,6.8317,6.8097
2024-06-21,5.6308,5.6998,5.9463,6.0896,6.2709,6.3314,6.3925,6.4544,6.5723,6.6986,6.8316,6.8094
2024-06-20,5.6067,5.6747,5.9461,6.0821,6.2765,6.335,6.3945,6.4555,6.5745,6.7016,6.8282,6.8095
2024-06-19,5.5984,5.6533,5.9556,6.0827,6.2857,6.3459,6.4046,6.4637,6.577,6.7023,6.8147,6.8084
2024-06-18,5.5886,5.6438,5.9448,6.0699,6.2792,6.3361,6.3944,6.4554,6.5786,6.7126,6.8142,6.8078
2024-06-14,5.6016,5.6669,5.9694,6.0778,6.2876,6.3388,6.3934,6.4517,6.5704,6.7004,6.814,6.808
2024-06-13,5.5905,5.6713,5.9625,6.0763,6.2922,6.3512,6.4089,6.4683,6.5893,6.7225,6.8148,6.8085
2024-06-11,5.6063,5.6701,5.9651,6.0813,6.2821,6.3495,6.4138,6.4773,6.5977,6.7274,6.8109,6.8068
2024-06-10,5.6122,5.6894,5.9934,6.0767,6.2812,6.3442,6.4043,6.4639,6.5766,6.7093,6.8214,6.813
2024-06-07,5.6305,5.7038,6.0003,6.0814,6.2818,6.3418,6.3992,6.4564,6.5645,6.6947,6.8254,6.8141
2024-06-06,5.6585,5.7429,6.0066,6.0786,6.2777,6.3417,6.4028,6.4622,6.5688,6.6875,6.8513,6.8361
2024-06-05,5.6474,5.7452,6.0008,6.1035,6.2839,6.3517,6.4144,6.475,6.5843,6.7178,6.8583,6.8423
2024-06-04,5.6596,5.7349,5.949,6.0782,6.2959,6.3682,6.4337,6.4943,6.602,6.7369,6.8448,6.8396
2024-06-03,5.6503,5.7245,5.9509,6.066,6.302,6.3757,6.4417,6.5034,6.6159,6.7484,6.8445,6.8394
2024-05-31,5.6933,5.7356,5.9596,6.0653,6.3083,6.3823,6.4501,6.5134,6.6272,6.7516,6.8286,6.8419
2024-05-30,5.6913,5.7291,5.9565,6.0642,6.3054,6.3794,6.4473,6.5113,6.6289,6.7643,6.8309,6.8473
2024-05-29,5.6821,5.7184,5.9472,6.0586,6.3013,6.3757,6.4403,6.5018,6.6184,6.7441,6.8287,6.8471
2024-05-28,5.6877,5.7217,5.9293,6.0458,6.2932,6.3681,6.438,6.5062,6.6222,6.7174,6.8381,6.8479
2024-05-27,5.7563,5.7526,5.9143,6.0406,6.3025,6.3851,6.4594,6.5286,6.6407,6.7431,6.8338,6.8472
2024-05-24,5.7712,5.7881,5.9429,6.0323,6.3104,6.3867,6.4519,6.5117,6.6143,6.7171,6.8338,6.8492
2024-05-23,5.784,5.7912,5.9223,6.0301,6.294,6.3796,6.4501,6.5112,6.614,6.7098,6.8339,6.8362
2024-05-22,5.8545,5.8366,5.9475,6.0273,6.2917,6.3655,6.4298,6.4879,6.5921,6.6961,6.9096,6.9125
2024-05-21,5.8426,5.8468,5.9987,6.0308,6.3282,6.3828,6.4345,6.4849,6.5748,6.6721,6.8719,6.8758
2024-05-20,6.0385,5.8627,5.9429,6.0132,6.3327,6.3832,6.427,6.4706,6.5485,6.6282,6.6715,6.6697
2024-05-17,5.9422,5.7991,5.9006,6.0242,6.3587,6.4016,6.4335,6.468,6.5373,6.6117,6.6712,6.6706
2024-05-16,6.0073,5.828,5.8876,6.0186,6.401,6.4485,6.4831,6.5237,6.6049,6.67,6.7529,6.7517
2024-05-15,5.9916,5.8127,5.8867,6.0318,6.4364,6.5024,6.554,6.615,6.7442,6.8133,6.9054,6.9069
2024-05-14,5.7633,5.7784,5.8955,6.0493,6.4438,6.5108,6.5644,6.6281,6.773,6.8635,6.9026,6.9036
2024-05-13,5.7383,5.7753,5.8921,6.0434,6.4396,6.5003,6.5497,6.6123,6.769,6.8601,6.9048,6.9053
2024-05-10,5.6807,5.7818,5.9081,6.0751,6.428,6.4871,6.5383,6.6053,6.7696,6.8512,6.9054,6.9059
2024-05-09,5.6756,5.7862,5.9157,6.0732,6.426,6.4958,6.5551,6.623,6.7713,6.8466,6.9066,6.9068
2024-05-08,5.6704,5.7676,5.915,6.0749,6.454,6.5101,6.5546,6.6108,6.7507,6.8361,6.943,6.9435
2024-05-07,5.6752,5.8025,5.9177,6.0725,6.4927,6.5559,6.5959,6.6357,6.751,6.8619,6.9838,6.9838
2024-05-06,5.7405,5.8128,5.9291,6.0591,6.5127,6.5774,6.6218,6.6653,6.7862,6.9057,6.9822,6.982
2024-05-03,5.7813,5.8577,5.9309,6.0642,6.527,6.6021,6.6744,6.759,6.9369,6.9887,6.9831,6.9837
2024-05-02,5.7909,5.8601,5.9595,6.0626,6.5345,6.6157,6.6931,6.7807,6.9591,6.9973,6.9826,6.9828
2024-04-30,5.8,5.8561,5.9603,6.0635,6.5422,6.6277,6.7009,6.785,6.9605,7.029,7.0631,7.0635
2024-04-29,5.8347,5.8687,5.9521,6.0635,6.5165,6.6013,6.6834,6.7746,6.9402,7.0132,7.0621,7.0623
2024-04-26,5.8855,5.9018,6.0201,6.0508,6.4594,6.5747,6.677,6.775,6.9266,6.9466,7.0667,7.0658
2024-04-25,5.876,5.8636,5.938,6.0492,6.4415,6.5638,6.6677,6.7605,6.8996,6.9665,7.0627,7.0602
2024-04-24,5.8789,5.8675,5.9719,6.0488,6.4668,6.5918,6.6754,6.7394,6.8401,6.9619,7.1292,7.1287
2024-04-23,5.8743,5.8546,5.9737,6.0622,6.4518,6.5728,6.6652,6.7431,6.8524,6.9258,7.0365,7.0372
2024-04-22,5.9163,5.868,5.974,6.0563,6.4593,6.5761,6.6566,6.7237,6.8249,6.9184,6.7985,6.7984
2024-04-19,5.9026,5.8663,5.9804,6.0344,6.4167,6.5376,6.6133,6.6701,6.7786,6.8924,6.799,6.8006
2024-04-18,5.9798,5.8685,5.9165,6.0667,6.4068,6.5224,6.5929,6.6451,6.7423,6.8794,6.7473,6.537
2024-04-17,5.874,5.84,5.9356,6.0449,6.363,6.4852,6.5784,6.642,6.733,6.841,6.7993,6.8014
2024-04-16,5.7842,5.8099,5.9251,6.0332,6.3127,6.4345,6.5347,6.6097,6.7151,6.8049,6.7918,6.7993
2024-04-15,5.7534,5.7909,5.9193,6.0385,6.2687,6.385,6.4848,6.563,6.6681,6.7309,6.8006,6.8002
2024-04-12,5.8067,5.7727,5.8969,6.0514,6.1786,6.2872,6.3982,6.496,6.6195,6.68,6.8021,6.7996
2024-04-11,5.726,5.7607,5.8813,6.0369,6.1252,6.2376,6.3484,6.4451,6.5888,6.6931,6.8013,6.7979
2024-04-08,5.7551,5.7788,5.8693,6.0062,6.0991,6.1745,6.2429,6.2955,6.349,6.36,6.2804,6.2661
2024-04-05,5.7029,5.7527,5.8942,6.0057,6.0982,6.1573,6.2105,6.2554,6.3133,6.3313,6.2772,6.2731
2024-04-04,5.7064,5.7439,5.8698,6.0008,6.09,6.1446,6.1954,6.2396,6.2982,6.3137,6.2783,6.2737
2024-04-03,5.7203,5.7467,5.8794,6.0092,6.074,6.1238,6.1675,6.2061,6.2647,6.2828,6.2657,6.2627
2024-04-02,5.7243,5.7506,5.9029,6.0174,6.0545,6.1086,6.1557,6.196,6.2487,6.2375,6.2646,6.2618
2024-04-01,5.7072,5.7252,5.8946,6.0117,6.0459,6.0956,6.1416,6.1829,6.2392,6.2339,6.2329,6.2277
2024-03-27,5.6751,5.7254,5.9181,6.074,6.0425,6.0918,6.1404,6.183,6.2362,6.2322,6.2623,6.2564
2024-03-26,5.7109,5.7347,5.8879,6.0125,6.0393,6.0894,6.1395,6.181,6.2182,6.2198,6.2368,6.2268
2024-03-25,5.7424,5.7576,5.8776,6.0069,6.0506,6.0959,6.1405,6.176,6.2077,6.2038,6.213,6.203
2024-03-22,5.7977,5.7745,5.9187,6.0645,6.0516,6.0906,6.1308,6.1659,6.2017,6.1992,6.212,6.2029
2024-03-21,5.807,5.7454,5.9047,6.052,6.0467,6.0899,6.1326,6.169,6.205,6.2017,6.2123,6.2031
2024-03-20,5.789,5.7262,5.9099,6.0245,6.049,6.0959,6.1421,6.1818,6.2223,6.2217,6.2119,6.203
2024-03-19,5.7966,5.7493,5.921,6.0304,6.0385,6.0843,6.1335,6.1773,6.2225,6.2191,6.2606,6.2492
2024-03-18,5.8169,5.7896,5.9422,6.0142,6.0282,6.0745,6.1225,6.1645,6.2088,6.2156,6.3203,6.3179
2024-03-15,5.8464,5.7729,5.9578,6.0195,6.0257,6.0732,6.1227,6.166,6.2123,6.2189,6.3001,6.2948
2024-03-14,5.7398,5.7664,5.9548,6.0542,6.0289,6.0739,6.122,6.1635,6.2068,6.2202,6.2807,6.2821
2024-03-13,5.735,5.7667,5.946,6.0838,6.041,6.0848,6.1281,6.1644,6.2025,6.2313,6.2842,6.2815
2024-03-12,5.6667,5.7683,5.967,6.1071,6.0599,6.1071,6.155,6.1957,6.229,6.2328,6.2787,6.2772
2024-03-11,5.7066,5.7827,5.9646,6.0964,6.0895,6.141,6.1876,6.2238,6.2563,6.2527,6.3192,6.3213
2024-03-08,5.6305,5.7652,5.9746,6.1049,6.1139,6.1612,6.204,6.236,6.2632,6.2528,6.2555,6.2477
2024-03-07,5.7251,5.7764,5.9785,6.1117,6.1249,6.1727,6.2108,6.2388,6.2662,6.2528,6.2532,6.2494
2024-03-06,5.7117,5.7479,5.9728,6.1129,6.1229,6.17,6.2065,6.2334,6.2636,6.2579,6.2549,6.2499
2024-03-05,5.708,5.744,5.9745,6.1131,6.1225,6.1626,6.1962,6.2213,6.2504,6.2613,6.259,6.2487
2024-03-04,5.6778,5.7259,5.9416,6.104,6.1244,6.1554,6.1853,6.209,6.2368,6.2494,6.2475,6.2494
2024-03-01,5.7156,5.7292,5.9575,6.1088,6.1185,6.1509,6.1815,6.2054,6.2327,6.2435,6.2496,6.2468
2024-02-29,5.6743,5.6921,5.932,6.1084,6.1152,6.1515,6.1817,6.2048,6.2327,6.2404,6.3103,6.3138
2024-02-28,5.6122,5.6843,5.948,6.1297,6.1283,6.156,6.1812,6.2029,6.2307,6.2382,6.3075,6.3078
2024-02-27,5.61,5.7153,6.0002,6.1164,6.1322,6.1601,6.1809,6.1985,6.2254,6.2335,6.3102,6.3122
2024-02-26,5.6057,5.6915,6.0,6.1272,6.1205,6.1523,6.1828,6.207,6.233,6.2347,6.405,6.4
2024-02-23,5.442,5.6226,5.9045,6.1323,6.1316,6.1638,6.1946,6.2228,6.2614,6.2634,6.3995,6.3994
2024-02-22,5.665,5.6261,5.8935,6.1143,6.1239,6.1595,6.1935,6.2232,6.2648,6.2746,6.4372,6.4376
2024-02-21,5.6151,5.6216,5.93,6.1153,6.1383,6.1805,6.2114,6.2361,6.2728,6.2773,6.4332,6.434
2024-02-20,5.5818,5.6036,5.8985,6.111,6.1294,6.1921,6.239,6.2685,6.2954,6.2979,6.2191,6.2136
2024-02-19,5.5246,5.5739,5.8825,6.1065,6.1117,6.1707,6.2189,6.2534,6.2907,6.3085,6.3847,6.3898
2024-02-16,5.5251,5.5704,5.8597,6.0791,6.0587,6.1178,6.1666,6.1977,6.2237,6.2579,6.3571,6.3608
2024-02-15,5.5628,5.5656,5.8431,6.0918,6.0445,6.0969,6.1426,6.1725,6.2007,6.2373,6.3344,6.338
2024-02-14,5.5354,5.5323,5.8326,6.0837,6.0405,6.0847,6.1238,6.1528,6.1883,6.2205,6.1308,6.1312
2024-02-13,5.5341,5.5177,5.8144,6.1018,6.0135,6.0592,6.1015,6.1332,6.164,6.1858,6.0921,6.0894
2024-02-12,5.555,5.5288,5.8113,6.083,6.0244,6.0676,6.1062,6.1354,6.1657,6.1922,6.1026,6.0916
2024-02-08,5.4486,5.461,5.8095,6.0577,6.0206,6.0647,6.1023,6.1313,6.1665,6.196,6.1027,6.0911
2024-02-07,5.3861,5.4644,5.8252,6.0537,6.0118,6.0546,6.0902,6.1167,6.156,6.1983,6.0541,6.0409
2024-02-06,5.4818,5.464,5.8121,6.0488,5.9993,6.0372,6.075,6.1053,6.1428,6.194,6.0494,6.0424
2024-02-05,5.3545,5.4304,5.8197,6.0848,5.9897,6.0251,6.0588,6.0856,6.1142,6.1437,6.1012,6.1001
2024-02-02,5.361,5.4422,5.8126,6.044,5.9763,6.0161,6.0559,6.0864,6.1161,6.1419,6.1035,6.1005
2024-02-01,5.4527,5.4517,5.8063,6.0394,5.9677,6.0082,6.0449,6.073,6.1075,6.148,6.1285,6.1273
2024-01-31,5.4519,5.4509,5.8022,6.0603,5.9712,6.0061,6.0435,6.0751,6.1163,6.1753,6.1216,6.1199
2024-01-30,5.4659,5.4471,5.7745,6.0415,5.9732,6.0063,6.0413,6.0715,6.1138,6.1819,6.1218,6.1208
2024-01-29,5.4181,5.4142,5.7778,6.0602,5.9754,6.0109,6.0482,6.0818,6.1308,6.1971,6.1219,6.1213
2024-01-26,5.4953,5.422,5.7508,6.0408,5.9661,6.0046,6.0427,6.0763,6.1286,6.1947,6.1225,6.1212
2024-01-25,5.5416,5.4314,5.7463,6.0534,5.971,6.0149,6.0532,6.0864,6.1406,6.2191,6.1196,6.1238
2024-01-24,5.5293,5.4037,5.7119,6.0323,5.9471,5.9923,6.0356,6.0772,6.1467,6.2339,6.1195,6.1232
2024-01-23,5.3423,5.3631,5.718,6.0607,5.9377,5.9812,6.0272,6.075,6.1672,6.32,6.1211,6.1233
2024-01-22,5.1865,5.3281,5.684,6.0204,5.9058,5.9606,6.0146,6.066,6.1498,6.2481,6.226,6.2309
2024-01-19,5.3097,5.3587,5.6655,5.9991,5.8914,5.94,5.9896,6.0389,6.127,6.2186,6.311,6.3106
2024-01-18,5.1598,5.3211,5.6542,5.9978,5.8909,5.9348,5.9786,6.0223,6.1103,6.2092,6.3115,6.3115
2024-01-17,5.1364,5.3468,5.6604,5.9996,5.8753,5.9274,5.9777,6.0218,6.0928,6.1779,6.2734,6.277
2024-01-16,5.1146,5.3134,5.6439,5.9948,5.8594,5.9143,5.9702,6.0234,6.1032,6.1782,6.2473,6.2516
2024-01-15,5.209,5.2828,5.6382,5.9898,5.8795,5.9419,5.9995,6.0487,6.1228,6.1942,6.2508,6.2475
2024-01-12,5.281,5.337,5.5956,5.9734,5.9069,5.9679,6.0237,6.0756,6.1662,6.2393,6.2464,6.2495
2024-01-11,5.2452,5.2606,5.5855,5.9662,5.8997,5.9618,6.0158,6.0631,6.1498,6.2481,6.2474,6.2501
2024-01-10,5.223,5.2988,5.5428,5.9185,5.8995,5.9669,6.0197,6.0591,6.117,6.1797,6.3472,6.3533
2024-01-09,5.3748,5.2584,5.435,5.9006,5.9064,5.9544,5.9952,6.0349,6.1041,6.1538,6.3482,6.3535
2024-01-08,5.3653,5.2937,5.5156,5.879,5.9024,5.9286,5.9732,6.0296,6.1197,6.1418,6.3349,6.3499
2024-01-05,5.1855,5.2265,5.5084,5.8274,5.9078,5.9401,5.9774,6.0188,6.0815,6.1196,6.3207,6.3277
2024-01-04,5.1794,5.2151,5.4948,5.9113,5.9103,5.935,5.9661,6.0012,6.0532,6.0918,6.3204,6.3276
2024-01-03,5.1922,5.2199,5.4859,5.9223,5.9042,5.9131,5.948,5.9994,6.0813,6.1462,6.3176,6.3253
2024-01-02,5.1114,5.2013,5.4774,5.8463,5.9042,5.921,5.9629,6.0127,6.0672,6.0448,6.0665,6.1244
2023-12-29,5.1217,5.2438,5.5178,5.8674,5.914,5.9049,5.9144,5.9386,5.9892,6.0012,6.0821,6.1241
2023-12-28,4.9992,5.121,5.3365,5.9091,5.8997,5.8932,5.9005,5.9196,5.9583,5.9548,6.0901,6.1252
2023-12-27,5.0491,5.1611,5.3778,5.8464,5.9172,5.9038,5.9051,5.92,5.9597,5.9704,6.1211,6.128
2023-12-22,5.0632,5.1579,5.5233,5.8218,5.9323,5.9203,5.9193,5.9291,5.9592,5.9665,6.1201,6.1281
2023-12-21,5.1581,5.2646,5.4942,5.837,5.9501,5.9393,5.9372,5.9428,5.9632,5.9714,6.1198,6.128
2023-12-20,5.0782,5.1361,5.4338,5.8419,5.9436,5.9346,5.9398,5.9548,5.9836,5.9955,6.1215,6.1284
2023-12-19,5.0495,5.151,5.4942,5.9349,5.9934,5.9902,5.9965,6.0096,6.0383,6.0762,6.1256,6.1269
2023-12-18,5.1233,5.2898,5.4715,6.0091,5.9904,5.99,6.0038,6.0243,6.0509,6.0851,6.1258,6.1259
2023-12-15,5.2051,5.3748,5.3891,5.9732,5.9827,5.9899,5.9988,6.007,6.0161,6.0716,6.1307,6.1272
2023-12-14,5.1459,5.278,5.3706,5.8498,6.0027,6.0184,6.0277,6.0303,6.0225,6.07,6.2562,6.2622
2023-12-13,5.1638,5.2819,5.3549,6.0879,6.0744,6.0963,6.113,6.1311,6.1797,6.2334,6.2661,6.2609
2023-12-12,5.1301,5.2773,5.385,6.0888,6.0648,6.0936,6.1166,6.1369,6.1803,6.2126,6.3152,6.3107
2023-12-11,5.0238,5.1947,5.2993,6.077,6.0569,6.0972,6.1146,6.1228,6.147,6.1806,6.3113,6.3109
2023-12-07,4.9262,5.1506,5.2568,6.0749,6.0471,6.0861,6.1057,6.1154,6.134,6.173,6.3082,6.3103
2023-12-06,4.9832,5.1776,5.3008,5.8594,6.0334,6.0857,6.1107,6.1223,6.1423,6.1754,6.3116,6.3117
2023-12-05,5.0521,5.2637,5.4571,5.8534,6.0155,6.0854,6.1307,6.154,6.1863,6.2332,6.3855,6.3877
2023-12-04,5.0323,5.224,5.5248,5.8348,5.9952,6.0641,6.1053,6.1242,6.1534,6.2131,6.3128,6.3102
2023-12-01,5.19,5.3645,5.6329,5.7766,5.9901,6.0649,6.1093,6.1308,6.1712,6.2291,6.313,6.3098
2023-11-30,5.2319,5.4175,5.6555,5.8023,5.9635,6.0631,6.1175,6.1393,6.1774,6.2348,6.2823,6.2771
2023-11-29,5.3163,5.4437,5.6382,6.0377,6.0202,6.092,6.1186,6.1304,6.1679,6.2108,6.3591,6.3616
2023-11-28,5.5584,5.5334,5.7776,6.0586,6.0236,6.125,6.1806,6.2071,6.2288,6.2607,6.3587,6.3564
2023-11-24,5.751,5.7399,5.9376,6.2694,6.0598,6.1482,6.2076,6.242,6.2715,6.3103,6.3684,6.368
2023-11-23,5.8076,5.7575,5.9454,6.3182,6.0906,6.1776,6.2348,6.2681,6.2929,6.3207,6.4871,6.5111
2023-11-22,5.8072,5.738,5.9215,6.3415,6.1611,6.2266,6.2719,6.3057,6.3569,6.4192,6.5644,6.5795
2023-11-21,5.9719,5.8773,6.0797,6.4149,6.2316,6.2723,6.2893,6.3002,6.3345,6.3969,6.5325,6.5581
2023-11-20,6.0415,6.0275,6.2072,6.5051,6.3131,6.3422,6.3502,6.3556,6.3883,6.4494,6.7583,6.7604
2023-11-17,6.1629,6.1423,6.301,6.4916,6.3052,6.3309,6.3489,6.3692,6.4226,6.539,6.7486,6.7502
2023-11-16,6.194,6.1941,6.4263,6.5144,6.3531,6.3655,6.38,6.411,6.4946,6.596,6.7473,6.7476
2023-11-15,6.1582,6.2094,6.4497,6.5414,6.3679,6.3779,6.3912,6.4186,6.4956,6.6004,6.6572,6.6611
2023-11-14,6.0925,6.1861,6.4657,6.5783,6.4221,6.4345,6.4534,6.4863,6.5777,6.7022,6.8014,6.8044
2023-11-13,6.0982,6.2029,6.4693,6.5852,6.4653,6.4852,6.5039,6.5298,6.6125,6.7427,6.8935,6.9001
2023-11-10,6.0474,6.1845,6.4582,6.5917,6.4822,6.5022,6.5184,6.5413,6.6209,6.7416,6.8905,6.885
2023-11-09,5.9791,6.1575,6.4533,6.6084,6.4694,6.4961,6.5183,6.5475,6.6359,6.748,6.923,6.9184
2023-11-08,5.9678,6.1543,6.4433,6.6142,6.5152,6.5446,6.5772,6.6284,6.7591,6.8555,6.8973,6.8922
2023-11-07,5.9612,6.1532,6.4251,6.6471,6.5554,6.6076,6.6593,6.7172,6.8339,6.9024,6.8852,6.8793
2023-11-06,5.9868,6.1792,6.3942,6.6021,6.5678,6.6159,6.6778,6.7512,6.8764,6.9229,6.9507,6.9485
2023-11-03,5.9596,6.171,6.3968,6.5828,6.5926,6.6399,6.7016,6.774,6.9131,6.9978,6.9795,6.9653
2023-10-31,5.9461,6.1497,6.3266,6.5638,6.568,6.6253,6.693,6.7678,6.9152,7.0331,7.0109,6.9997
2023-10-27,5.9325,6.1067,6.2509,6.5058,6.495,6.558,6.6325,6.714,6.8547,6.9405,6.9769,6.9995
2023-10-26,5.8814,6.0812,6.2285,6.4939,6.4848,6.5406,6.5979,6.6539,6.7552,6.8889,7.0012,7.001
2023-10-25,5.8851,6.0715,6.2196,6.4684,6.4719,6.5332,6.5871,6.6346,6.708,6.8172,6.9634,6.9996
2023-10-24,5.9067,6.0663,6.1908,6.4834,6.4127,6.4747,6.5368,6.5963,6.6755,6.7495,6.6947,6.5487
2023-10-23,5.9063,6.0398,6.2194,6.5059,6.405,6.462,6.5192,6.5725,6.6259,6.6319,6.6774,6.5329
2023-10-20,5.8822,6.0104,6.1654,6.4618,6.3839,6.4409,6.502,6.5631,6.6233,6.617,6.6737,6.5318
2023-10-19,5.8328,5.9819,6.2003,6.4589,6.3761,6.4417,6.499,6.5534,6.6098,6.6106,6.6706,6.5323
2023-10-18,5.8245,5.9541,6.1839,6.3559,6.365,6.4194,6.465,6.51,6.5674,6.5733,6.6663,6.5328
2023-10-17,5.8155,5.9445,6.1771,6.3509,6.355,6.4055,6.4457,6.4876,6.5539,6.57,6.6581,6.5329
2023-10-16,5.7918,5.911,6.1693,6.3362,6.3252,6.3833,6.4271,6.4654,6.5196,6.5535,6.6515,6.5324
2023-10-13,5.7458,5.8711,6.1458,6.3085,6.3301,6.383,6.422,6.4594,6.5122,6.5528,6.5474,6.533
2023-10-12,5.7472,5.8717,6.1256,6.3186,6.3175,6.3815,6.4274,6.467,6.5138,6.5453,6.5472,6.5326
2023-10-11,5.7591,5.877,6.103,6.2865,6.3153,6.3832,6.4443,6.496,6.5486,6.576,6.5515,6.5317
2023-10-10,5.7542,5.843,6.0811,6.2962,6.3508,6.4115,6.457,6.4953,6.5421,6.5464,6.5506,6.5317
2023-10-09,5.6727,5.7297,6.0378,6.2768,6.3526,6.4029,6.4328,6.4592,6.5116,6.546,6.5485,6.5322
2023-10-06,5.6437,5.7119,6.0106,6.2438,6.3151,6.3566,6.3851,6.4113,6.4755,6.5846,6.535,6.5298
2023-10-05,5.6114,5.6857,6.0072,6.265,6.3057,6.3425,6.3738,6.4071,6.4783,6.5532,6.5352,6.5295
2023-10-04,5.6084,5.6732,5.9907,6.2655,6.2658,6.312,6.3574,6.4021,6.4681,6.5103,6.5354,6.5298
2023-10-03,5.608,5.6677,5.9879,6.2267,6.2529,6.2906,6.3228,6.3555,6.4162,6.4874,6.5343,6.53
2023-10-02,5.5601,5.6555,5.9757,6.2179,6.2512,6.2878,6.3182,6.3506,6.4157,6.4898,6.4757,6.4738
2023-09-29,5.6464,5.7049,5.9828,6.1941,6.2503,6.2855,6.314,6.3445,6.4124,6.4902,6.5002,6.489
2023-09-28,5.5817,5.6548,5.9764,6.1803,6.2358,6.2697,6.3003,6.3406,6.4331,6.5234,6.5071,6.4844
2023-09-27,5.5197,5.6321,5.9628,6.1874,6.2273,6.2527,6.2706,6.2976,6.3862,6.5141,6.504,6.4854
2023-09-26,5.5121,5.6252,5.9558,6.163,6.2127,6.2414,6.2654,6.2967,6.3845,6.5049,6.4867,6.482
2023-09-25,5.5042,5.6164,5.945,6.1128,6.1839,6.2082,6.2341,6.2707,6.3642,6.476,6.487,6.4814
2023-09-22,5.515,5.6102,5.9444,6.096,6.1816,6.2072,6.23,6.2625,6.3569,6.475,6.487,6.481
2023-09-21,5.5229,5.6114,5.939,6.0935,6.174,6.1952,6.2099,6.2324,6.3146,6.4214,6.4855,6.4835
2023-09-20,5.5154,5.6063,5.9437,6.1011,6.1754,6.1928,6.204,6.2248,6.3082,6.4082,6.4858,6.4836
2023-09-19,5.5124,5.5952,5.9321,6.1186,6.1827,6.2009,6.2158,6.2397,6.3214,6.4282,6.4889,6.4846
2023-09-18,5.5105,5.6036,5.9436,6.1448,6.2002,6.2144,6.2287,6.255,6.3456,6.4407,6.6285,6.6321
2023-09-15,5.5167,5.6225,5.9641,6.1636,6.2098,6.2231,6.2342,6.2566,6.344,6.444,6.6277,6.6321
2023-09-14,5.5244,5.6216,5.9604,6.1696,6.2081,6.2321,6.2529,6.2813,6.3645,6.4552,6.6283,6.6316
2023-09-13,5.5253,5.6194,5.9694,6.1861,6.2112,6.2385,6.2625,6.2929,6.3723,6.4543,6.6296,6.6326
2023-09-12,5.5015,5.6291,5.9931,6.229,6.2179,6.2453,6.2739,6.3098,6.3854,6.449,6.6296,6.6328
2023-09-11,5.5067,5.6205,5.9803,6.2277,6.2271,6.2514,6.2844,6.3307,6.4247,6.503,6.644,6.6343
2023-09-08,5.5711,5.6553,5.9867,6.193,6.2274,6.2582,6.295,6.3383,6.4154,6.4936,6.6532,6.6551
2023-09-07,5.5585,5.6359,5.9831,6.192,6.2263,6.2615,6.301,6.3462,6.4259,6.4994,6.6323,6.6339
2023-09-06,5.55,5.6321,5.9799,6.1944,6.2258,6.2578,6.2913,6.3298,6.4077,6.4979,6.634,6.6348
2023-09-05,5.556,5.6362,5.9726,6.2053,6.1966,6.2148,6.2373,6.2695,6.3496,6.4446,6.6365,6.6372
2023-09-04,5.5889,5.652,5.9816,6.2687,6.1943,6.204,6.2153,6.2387,6.3231,6.4226,6.605,6.605
2023-08-31,5.6305,5.7081,5.9878,6.2632,6.1863,6.1969,6.2046,6.2193,6.2865,6.3936,6.6243,6.6286
2023-08-30,5.6376,5.7123,5.9702,6.2647,6.19,6.1973,6.204,6.2207,6.2948,6.3934,6.5865,6.5821
2023-08-29,5.6542,5.7281,5.9822,6.2913,6.2248,6.2264,6.2329,6.2565,6.3494,6.447,6.7056,6.7074
2023-08-25,5.6503,5.7522,5.9993,6.3043,6.2411,6.2355,6.2422,6.267,6.3726,6.5225,6.7169,6.7172
2023-08-24,5.6086,5.7242,5.9966,6.307,6.2552,6.2582,6.271,6.2992,6.4027,6.5429,6.7082,6.7087
2023-08-23,5.6051,5.7301,6.0069,6.3164,6.2599,6.2623,6.2682,6.29,6.4008,6.5679,6.6561,6.6364
2023-08-22,5.6536,5.7344,6.0015,6.3166,6.2709,6.2781,6.2755,6.2868,6.3879,6.5618,6.6825,6.6995
2023-08-18,5.7138,5.7649,5.9996,6.3285,6.2707,6.2849,6.2851,6.2929,6.3815,6.5527,6.6839,6.6999
2023-08-17,5.7276,5.7585,6.0014,6.3294,6.2591,6.2756,6.2838,6.2993,6.3871,6.5609,6.6795,6.6994
2023-08-16,5.695,5.7568,6.0044,6.3467,6.2762,6.2903,6.2922,6.3035,6.3955,6.5606,6.6828,6.7012
2023-08-15,5.7298,5.752,5.9849,6.2854,6.2878,6.3166,6.3344,6.3579,6.4531,6.5955,6.6887,6.6925
2023-08-14,5.7616,5.8507,6.0216,6.3265,6.3033,6.324,6.3404,6.3678,6.4621,6.5798,6.7015,6.7051
2023-08-11,5.7527,5.8575,6.0551,6.2757,6.2985,6.3221,6.3424,6.3717,6.4595,6.5648,6.6993,6.7045
2023-08-10,5.7424,5.8129,6.018,6.3073,6.2962,6.3216,6.3436,6.372,6.4569,6.5678,6.6981,6.7046
2023-08-09,5.7143,5.7883,6.0156,6.3031,6.2983,6.3275,6.3523,6.3837,6.4719,6.5831,6.6982,6.7048
2023-08-08,5.6635,5.7848,5.9852,6.2498,6.299,6.3293,6.3558,6.39,6.4851,6.5861,6.6983,6.7043
2023-08-07,5.6397,5.7034,5.9378,6.267,6.2763,6.3247,6.3658,6.4095,6.5022,6.5932,6.6996,6.695
2023-08-04,5.6092,5.7015,5.9234,6.1975,6.2513,6.2931,6.3221,6.3494,6.4367,6.5633,6.6977,6.6911
2023-08-03,5.5172,5.6142,5.9177,6.1768,6.2413,6.2875,6.3163,6.3331,6.375,6.4707,6.6988,6.6912
2023-08-02,5.4575,5.5232,5.9462,6.136,6.2365,6.2809,6.3044,6.3147,6.3428,6.4043,6.683,6.6898
2023-08-01,5.5939,5.555,5.8833,6.1399,6.2375,6.2781,6.2956,6.2979,6.316,6.3898,6.6013,6.5986
2023-07-31,5.6276,5.5727,5.8912,6.1508,6.2269,6.2658,6.2842,6.2873,6.3058,6.4124,6.604,6.5985
2023-07-28,5.6932,5.6997,5.9347,6.1188,6.2067,6.2451,6.267,6.2805,6.3173,6.3562,6.6045,6.5996
2023-07-27,5.6794,5.6957,5.8899,6.1265,6.2207,6.2479,6.2552,6.2602,6.2939,6.3396,6.6107,6.603
2023-07-26,5.7884,5.792,5.8924,6.1326,6.2161,6.2494,6.2626,6.2695,6.2989,6.3926,6.6138,6.6
2023-07-25,5.7299,5.7845,5.9184,6.1656,6.1951,6.2336,6.2502,6.2576,6.2776,6.3312,6.6289,6.6051
2023-07-21,5.7481,5.808,5.9565,6.1451,6.1808,6.2165,6.2293,6.2328,6.2462,6.2962,6.6727,6.7054
2023-07-20,5.7689,5.8243,5.9563,6.1485,6.1712,6.2074,6.2226,6.2268,6.2349,6.2755,6.674,6.7069
2023-07-19,5.7891,5.8416,5.9972,6.1429,6.1814,6.2132,6.2248,6.2259,6.2261,6.255,6.689,6.7074
2023-07-18,5.7919,5.8525,6.0124,6.1437,6.2531,6.2687,6.2659,6.2578,6.271,6.3365,6.6854,6.6672
2023-07-17,5.8986,5.9422,6.0599,6.1954,6.2604,6.266,6.2578,6.2473,6.2688,6.3508,6.6801,6.6665
2023-07-14,5.9205,5.9793,6.0911,6.1789,6.2659,6.2713,6.2673,6.2606,6.2714,6.3097,6.7017,6.7013
2023-07-13,5.918,6.0181,6.1649,6.3064,6.3829,6.3952,6.3835,6.3694,6.4161,6.489,6.8162,6.8238
2023-07-12,5.9351,6.0389,6.1821,6.3016,6.4398,6.4496,6.4549,6.4693,6.543,6.6657,6.7354,6.6189
2023-07-11,5.9494,6.0555,6.198,6.2997,6.4303,6.447,6.4634,6.4846,6.5507,6.6836,6.6632,6.6217
2023-07-10,6.0161,6.0943,6.2182,6.299,6.4224,6.4314,6.4458,6.4696,6.5476,6.7034,6.6591,6.6225
2023-07-07,6.0217,6.1088,6.1939,6.2834,6.3871,6.3918,6.4106,6.4436,6.536,6.6878,6.7353,6.7348
2023-07-06,6.024,6.1136,6.2029,6.2751,6.3684,6.3751,6.389,6.416,6.514,6.6903,6.7285,6.729
2023-07-05,6.0042,6.114,6.1982,6.2852,6.346,6.3042,6.2673,6.2559,6.3659,6.5821,6.5115,6.5042
2023-07-04,6.0172,6.1346,6.1954,6.2934,6.3344,6.2786,6.2313,6.209,6.283,6.4556,6.1971,6.2037
2023-07-03,6.0076,6.1261,6.2944,6.2543,6.3198,6.2635,6.2156,6.1888,6.241,6.3508,6.1738,6.1812
2023-06-30,6.0026,6.1113,6.1815,6.2175,6.3171,6.2551,6.2026,6.1774,6.2223,6.3036,6.1771,6.1839
2023-06-29,5.9663,6.0959,6.1227,6.2105,6.3,6.227,6.1675,6.1328,6.1634,6.2298,6.1765,6.1878
2023-06-27,6.0007,6.0934,6.1257,6.2042,6.2882,6.2248,6.1698,6.1393,6.1664,6.2327,6.179,6.1899
2023-06-26,6.0253,6.0903,6.1059,6.1434,6.2052,6.1578,6.1073,6.0731,6.1018,6.2097,6.1759,6.1852
2023-06-23,5.9756,6.0886,6.0958,6.1301,6.2054,6.1618,6.1109,6.0726,6.0865,6.1876,6.176,6.1865
2023-06-22,5.9516,5.9896,5.9937,6.108,6.1353,6.1006,6.0658,6.0438,6.0743,6.1521,6.1768,6.184
2023-06-21,5.9136,5.952,5.9929,6.1082,6.0602,6.0168,5.9934,5.9927,6.0607,6.1348,6.1897,6.1984
2023-06-20,5.9025,5.9536,6.0248,6.1239,5.9962,5.9445,5.9099,5.8962,5.9573,6.08,6.0649,6.0676
2023-06-19,5.8239,5.9154,6.0059,6.1208,5.9829,5.9386,5.9181,5.9167,5.9707,6.072,6.0661,6.0682
2023-06-16,5.8629,5.8941,6.0297,6.0455,5.947,5.8961,5.8706,5.8747,5.9604,6.0753,6.0678,6.0691
2023-06-15,5.8361,5.8632,6.0125,6.0085,5.927,5.8804,5.8596,5.8663,5.9512,6.0729,6.0699,6.0705
2023-06-14,5.7916,5.8637,5.9358,6.0268,5.9145,5.8622,5.836,5.832,5.8749,5.9826,5.9361,5.9278
2023-06-13,5.7989,5.8659,5.9403,6.0277,5.8986,5.8432,5.8167,5.8141,5.8579,5.9268,5.9437,5.9331
2023-06-09,5.8077,5.8631,5.9009,5.9482,5.901,5.8428,5.8156,5.8127,5.8519,5.909,5.9437,5.9325
2023-06-08,5.7912,5.8423,5.9056,5.945,5.9062,5.8555,5.8283,5.8222,5.8601,5.9376,5.9176,5.9069
2023-06-07,5.7832,5.836,5.9059,5.945,5.8966,5.8273,5.7797,5.7568,5.7962,5.8953,5.8821,5.867
2023-06-06,5.7542,5.8019,5.9001,5.937,5.8918,5.8172,5.7687,5.7468,5.7815,5.8516,5.8853,5.8679
2023-06-05,5.7607,5.7838,5.947,5.953,5.8759,5.7968,5.7457,5.7273,5.7771,5.8651,5.8739,5.8578
2023-06-02,5.7608,5.7657,5.963,5.9314,5.8646,5.7971,5.7563,5.7394,5.777,5.8375,5.8745,5.8578
2023-06-01,5.7312,5.759,5.9708,5.9218,5.86,5.8026,5.7708,5.7601,5.7965,5.8424,5.9138,5.8974
2023-05-31,5.7283,5.7515,5.9638,5.9218,5.8594,5.8057,5.7752,5.764,5.8001,5.8574,5.9131,5.8974
2023-05-30,5.7645,5.8182,5.979,5.9279,5.8544,5.8068,5.7854,5.7861,5.8468,5.9222,5.9214,5.899
2023-05-29,5.7717,5.7933,5.9534,5.9151,5.8605,5.8145,5.7963,5.8003,5.8727,6.0099,6.0279,6.019
2023-05-26,5.8115,5.79,5.8632,5.8961,5.8433,5.787,5.7606,5.7603,5.8208,5.9397,5.9923,5.9814
2023-05-25,5.8341,5.8214,5.8543,5.9051,5.8166,5.7713,5.7546,5.7601,5.8159,5.9106,5.9472,5.9357
2023-05-24,5.8586,5.8405,5.862,5.9119,5.8019,5.7396,5.7136,5.7175,5.7845,5.8955,5.9222,5.9088
2023-05-23,5.752,5.8309,5.8616,5.9555,5.7961,5.7306,5.7029,5.7032,5.756,5.8474,5.8825,5.8674
2023-05-22,5.7662,5.8503,5.8795,5.9459,5.8027,5.7277,5.6786,5.6533,5.6805,5.7837,5.8646,5.8494
2023-05-19,5.6979,5.823,5.9062,5.9514,5.7961,5.7231,5.6756,5.6495,5.6809,5.7903,5.8406,5.8229
2023-05-18,5.6452,5.8194,5.9223,5.957,5.7968,5.7233,5.6727,5.6423,5.6547,5.7326,5.8208,5.798
2023-05-17,5.6838,5.8227,5.9519,5.9674,5.8308,5.757,5.6988,5.6585,5.6557,5.7202,5.893,5.8734
2023-05-16,5.6858,5.8279,5.9669,6.0089,5.8625,5.7924,5.7408,5.7085,5.7108,5.7729,5.8893,5.8708
2023-05-15,5.7417,5.8666,6.0216,6.0148,5.8813,5.8098,5.7646,5.7421,5.7573,5.8166,5.8915,5.8771
2023-05-12,5.8609,5.9167,6.057,5.9943,5.8708,5.7999,5.7628,5.7477,5.7617,5.8066,5.9324,5.9201
2023-05-11,5.8061,5.89,6.0354,6.0782,5.8681,5.8035,5.7657,5.7478,5.7608,5.8094,5.9123,5.8977
2023-05-10,5.8025,5.9091,6.0406,6.1597,5.8633,5.8053,5.7725,5.7559,5.7662,5.8387,5.9575,5.9465
2023-05-09,5.8083,5.9452,6.0559,6.181,5.8521,5.793,5.7548,5.7327,5.7419,5.8174,5.9326,5.9211
2023-05-08,5.7681,5.9187,6.0414,6.1618,5.9402,5.8821,5.8332,5.7962,5.7922,5.8691,5.9557,5.9315
2023-05-05,5.8176,5.9526,6.0613,6.1943,5.9524,5.8945,5.8558,5.8339,5.8591,5.9366,6.0409,6.0259
2023-05-04,5.7148,5.9245,6.0285,6.1941,5.9903,5.9437,5.9069,5.8836,5.9038,5.9843,6.1098,6.0745
2023-05-03,5.7041,5.9082,6.0139,6.2077,6.0295,5.9876,5.9602,5.9472,5.9827,6.0707,6.2536,6.237
2023-05-02,5.6546,5.8703,6.0027,6.2135,6.0326,5.9929,5.9745,5.9719,6.0099,6.1098,6.2927,6.2841
2023-04-28,5.6698,5.8194,6.012,6.1419,6.0195,5.9793,5.9606,5.9571,5.9963,6.1046,6.3093,6.3035
2023-04-27,5.5857,5.7923,5.999,6.1499,6.0241,5.9893,5.9694,5.9648,6.0051,6.1234,6.348,6.3429
2023-04-26,5.5501,5.7603,5.9444,6.1663,6.0266,5.9926,5.973,5.9688,6.0111,6.1234,6.3163,6.3109
2023-04-25,5.5128,5.7536,5.9688,6.2562,5.9968,5.9669,5.9544,5.9574,6.0129,6.1446,6.4061,6.4042
2023-04-24,5.4569,5.7148,5.9227,6.1833,5.9709,5.9458,5.9368,5.9426,6.0081,6.1611,6.4323,6.4341
2023-04-20,5.4519,5.648,5.919,6.1475,5.9589,5.9337,5.9291,5.9395,6.0087,6.1687,6.4346,6.435
2023-04-19,5.4226,5.6187,5.8568,6.1683,5.9474,5.9288,5.9335,5.9506,6.0185,6.1743,6.4401,6.4414
2023-04-18,5.2572,5.6265,5.8722,6.112,5.9052,5.8968,5.9139,5.9406,6.0243,6.1884,6.4422,6.4397
2023-04-17,5.2401,5.6145,5.8257,6.036,5.9014,5.8859,5.8938,5.9166,6.0156,6.1944,6.4359,6.4358
2023-04-14,5.1363,5.4374,5.7605,5.9998,5.8899,5.8723,5.8853,5.9147,6.021,6.185,6.4361,6.4348
2023-04-13,5.0766,5.3558,5.7157,5.9969,5.9078,5.9183,5.9172,5.9285,6.0168,6.1754,6.4364,6.4394
2023-04-12,5.0065,5.3117,5.6843,6.0176,5.8789,5.9044,5.9149,5.9326,6.0137,6.1549,6.4326,6.4313
2023-04-11,4.8906,5.1897,5.6815,6.0267,5.8584,5.8624,5.8833,5.9204,6.0333,6.1527,6.4335,6.4293
2023-04-05,4.8538,5.1479,5.6411,5.9944,5.8638,5.8671,5.8884,5.9283,6.048,6.155,6.429,6.424
2023-04-04,4.7766,5.1307,5.7054,6.0185,5.8586,5.8813,5.9135,5.9569,6.0656,6.1687,6.4946,6.4942
2023-04-03,4.7495,5.0868,5.7013,6.0225,5.8443,5.8727,5.9117,5.9614,6.072,6.1763,6.5169,6.5215
2023-03-31,4.648,5.0501,5.6771,6.0287,5.8489,5.8812,5.9186,5.968,6.094,6.2155,6.5556,6.5631
2023-03-30,4.5841,4.9882,5.637,6.0247,5.835,5.8958,5.9409,5.9915,6.1206,6.2695,6.6067,6.6166
2023-03-29,4.7086,5.0364,5.6069,6.0101,5.8478,5.8932,5.9398,5.9936,6.116,6.2591,6.5995,6.6102
2023-03-28,4.7731,5.0391,5.5945,5.977,5.8558,5.8983,5.9485,6.0061,6.1271,6.2653,6.6503,6.6609
2023-03-27,4.7403,5.0195,5.623,5.9598,5.8582,5.9003,5.952,6.0121,6.1251,6.2034,6.6205,6.6351
2023-03-24,4.7624,4.9666,5.5587,5.9397,5.8625,5.8945,5.9505,6.0174,6.1251,6.1878,6.6161,6.6318
2023-03-23,4.7399,4.9487,5.5932,5.9221,5.875,5.9037,5.9544,6.0167,6.1221,6.1965,6.6084,6.6251
2023-03-22,4.7041,4.8986,5.6084,5.9018,5.8911,5.9086,5.9481,6.0047,6.122,6.2163,6.6196,6.6358
2023-03-21,4.6853,4.8915,5.5551,5.8165,5.8686,5.8963,5.9439,6.0046,6.1221,6.2049,6.6309,6.6566
2023-03-20,4.719,4.9236,5.5713,5.8073,5.878,5.9078,5.9462,5.9916,6.086,6.1823,6.551,6.5571
2023-03-17,4.6919,4.8621,5.4456,5.8008,5.8852,5.9157,5.9497,5.9891,6.0859,6.2274,6.5565,6.5673
2023-03-16,4.6606,4.8289,5.4409,5.7924,5.8731,5.9049,5.9454,5.9909,6.0787,6.2063,6.5553,6.5684
2023-03-15,4.6589,4.8173,5.4344,5.7826,5.8686,5.9103,5.9448,5.9779,6.0601,6.2208,6.5752,6.5933
2023-03-14,4.6841,4.8051,5.4117,5.7892,5.8342,5.8832,5.9214,5.9561,6.0399,6.1665,6.4304,6.4282
2023-03-13,4.6656,4.8394,5.4902,5.7855,5.8442,5.8919,5.9345,5.9789,6.0774,6.1868,6.4881,6.4702
2023-03-10,4.7375,4.7112,5.3295,5.7163,5.889,5.9765,6.049,6.1092,6.2119,6.3375,6.589,6.5814
2023-03-09,4.5697,4.7106,5.3569,5.7243,5.8756,5.9602,6.0454,6.1237,6.2521,6.4118,6.613,6.6052
2023-03-08,4.5309,4.6782,5.2969,5.7368,5.8206,5.9111,6.0112,6.108,6.2536,6.3947,6.6089,6.5999
2023-03-07,4.4865,4.632,5.316,5.7011,5.7738,5.865,5.9733,6.0827,6.2515,6.3915,6.6136,6.5995
2023-03-06,4.4888,4.605,5.2772,5.6568,5.7287,5.8578,5.99,6.1124,6.2856,6.4627,6.7493,6.7615
2023-03-03,4.6435,4.617,5.1764,5.6089,5.6673,5.8025,5.9454,6.0847,6.2815,6.4496,6.7439,6.758
2023-03-02,4.5956,4.5458,5.1047,5.5558,5.6498,5.7758,5.9135,6.0521,6.2492,6.3934,6.6908,6.7
2023-03-01,4.5907,4.6755,5.1747,5.6027,5.6396,5.7647,5.8875,6.01,6.1897,6.3204,6.5994,6.5999
2023-02-28,4.3995,4.6027,5.1606,5.5771,5.643,5.7751,5.895,6.0131,6.1923,6.3249,6.5768,6.5666
2023-02-27,4.3562,4.586,5.1468,5.5681,5.6467,5.7882,5.8968,5.9932,6.1525,6.3116,6.5377,6.5345
2023-02-23,4.2824,4.4988,5.1415,5.4464,5.6531,5.8007,5.908,6.0,6.1534,6.3178,6.5374,6.533
2023-02-22,4.2771,4.4854,5.0702,5.4387,5.6345,5.7945,5.9144,6.0161,6.1767,6.3435,6.5623,6.5521
2023-02-21,4.2485,4.4383,5.0547,5.4591,5.63,5.7747,5.8847,5.9821,6.1596,6.3477,6.56,6.5485
2023-02-20,4.3073,4.5169,5.0448,5.4017,5.6151,5.7687,5.8901,5.9981,6.1774,6.3514,6.572,6.5755
2023-02-17,4.2916,4.4768,4.9937,5.3483,5.5781,5.7371,5.8692,5.9903,6.1851,6.3635,6.5725,6.5772
2023-02-16,4.2642,4.3911,4.9842,5.3395,5.4738,5.6913,5.8499,5.9787,6.1616,6.3308,6.5706,6.5766
2023-02-15,4.2394,4.3807,4.9833,5.3323,5.4386,5.6569,5.826,5.964,6.1435,6.292,6.5472,6.5447
2023-02-14,4.2224,4.3583,4.9719,5.3135,5.3971,5.6272,5.809,5.9575,6.1359,6.2732,6.6286,6.639
2023-02-13,4.2153,4.3545,4.9651,5.3241,5.4056,5.6397,5.8166,5.9551,6.1117,6.2303,6.6293,6.639
2023-02-10,4.2801,4.3439,4.9379,5.3252,5.3838,5.6136,5.7881,5.9279,6.0981,6.2272,6.5395,6.5357
2023-02-09,4.225,4.3265,4.9148,5.3195,5.3432,5.5893,5.7801,5.9323,6.1113,6.2532,6.5678,6.5711
2023-02-08,4.1793,4.3189,4.9044,5.3227,5.2973,5.5465,5.7506,5.9181,6.1157,6.2815,6.6685,6.6692
2023-02-07,4.1582,4.3348,4.9085,5.3134,5.4178,5.6312,5.7725,5.8887,6.0544,6.2004,6.504,6.5044
2023-02-06,4.1073,4.3251,4.904,5.3081,5.3803,5.6021,5.7388,5.8394,5.9589,6.0432,6.3635,6.3618
2023-02-03,4.1099,4.2768,4.9007,5.305,5.3496,5.5749,5.7181,5.823,5.9493,6.0449,6.329,6.3272
2023-02-02,4.089,4.2976,4.9124,5.3359,5.3589,5.5878,5.7274,5.829,5.9645,6.0655,6.3296,6.3265
2023-02-01,4.1126,4.3112,4.917,5.3387,5.3609,5.5849,5.7266,5.8298,5.9643,6.0998,6.4222,6.4169
2023-01-31,4.1276,4.312,4.9186,5.3307,5.3569,5.5873,5.7319,5.8319,5.962,6.1007,6.4736,6.473
2023-01-30,4.1233,4.3474,4.9373,5.4037,5.3575,5.5554,5.7054,5.8224,5.97,6.0794,6.4468,6.4485
2023-01-27,4.1313,4.3757,4.9535,5.3947,5.319,5.5344,5.6824,5.7853,5.9061,6.0271,6.4126,6.4166
2023-01-26,4.1111,4.3774,4.9512,5.391,5.3391,5.5497,5.6882,5.7839,5.9006,6.0221,6.3592,6.3562
2023-01-25,4.1159,4.3626,4.9418,5.4044,5.3465,5.5624,5.7032,5.7996,5.924,6.0773,6.4777,6.4155
2023-01-24,4.1312,4.4323,4.94,5.412,5.3997,5.6224,5.7516,5.8294,5.9283,6.0645,6.4847,6.4234
2023-01-23,4.1854,4.3932,5.0003,5.4477,5.4497,5.6729,5.8012,5.8874,6.024,6.1436,6.3988,6.3383
2023-01-20,4.0674,4.312,4.9977,5.4531,5.5184,5.7557,5.8883,5.97,6.0887,6.2196,6.565,6.5154
2023-01-19,4.0066,4.3043,4.9927,5.4565,5.6324,5.8432,5.9534,6.0213,6.1221,6.2535,6.5932,6.543
2023-01-18,4.0224,4.3326,4.9695,5.4486,5.6486,5.883,6.011,6.0882,6.1758,6.291,6.6294,6.5731
2023-01-17,4.0689,4.3493,4.9834,5.4516,5.699,5.9011,6.0194,6.1027,6.2257,6.3343,6.58,6.5185
2023-01-16,4.0985,4.3822,5.0053,5.4445,5.6749,5.9121,6.0514,6.1492,6.288,6.423,7.0695,7.0402
2023-01-13,4.1077,4.3887,5.0447,5.413,5.7266,5.9635,6.1126,6.2283,6.3947,6.4992,7.0565,7.035
2023-01-12,4.0729,4.3784,5.036,5.4149,5.8365,6.1052,6.2642,6.3746,6.5307,6.6745,7.057,7.0341
2023-01-11,3.9927,4.2928,4.9187,5.3876,5.9021,6.1866,6.3627,6.4854,6.6735,6.8901,7.0809,7.0544
2023-01-10,4.0274,4.3004,4.921,5.3745,5.9564,6.2378,6.4047,6.5304,6.7235,6.9725,7.175,7.2056
2023-01-09,4.1,4.263,4.8611,5.3128,5.9659,6.2593,6.4355,6.5778,6.8236,7.1192,7.2988,7.2956
2023-01-06,4.0574,4.2673,4.874,5.2682,5.9573,6.2304,6.4306,6.5944,6.8653,7.2119,7.2727,7.2692
2023-01-05,4.1087,4.2734,4.8649,5.262,5.9655,6.2432,6.4269,6.5752,6.8107,7.1248,7.3165,7.3138
2023-01-04,4.11,4.2533,4.8684,5.2533,5.9106,6.2069,6.3987,6.5475,6.7806,7.0841,7.2693,7.2653
2023-01-03,4.0573,4.2504,4.88,5.2414,5.9415,6.2482,6.4233,6.5577,6.7561,7.0154,7.2286,7.2229
2022-12-29,3.919,4.2269,4.9002,5.2099,5.9706,6.2464,6.3755,6.47,6.6585,6.986,7.2234,7.2205
2022-12-28,3.8812,4.2082,4.9143,5.2048,5.9406,6.2094,6.3506,6.4502,6.6614,7.0091,7.2556,7.2524
2022-12-27,3.9141,4.256,4.964,5.1954,5.9428,6.1968,6.3341,6.4367,6.6513,6.9304,7.231,7.2281
2022-12-23,3.9458,4.2012,4.913,5.1835,5.9609,6.192,6.343,6.4601,6.6637,6.9246,7.243,7.2399
2022-12-22,3.8925,4.1575,4.8815,5.1672,5.9351,6.1658,6.3046,6.4213,6.6445,6.9206,7.2394,7.2363
2022-12-21,3.8847,4.1455,4.8703,5.1634,5.8866,6.1387,6.2988,6.4204,6.6395,6.9348,7.313,7.2983
2022-12-20,3.9092,4.147,4.8782,5.1599,5.8803,6.134,6.2963,6.4135,6.6061,6.8885,7.3124,7.2948
2022-12-19,3.9186,4.1231,4.896,5.1379,5.8392,6.1181,6.2749,6.3808,6.5842,6.8867,7.2938,7.2788
2022-12-16,3.9257,4.1192,4.8928,5.1544,5.8514,6.1164,6.2727,6.3829,6.584,6.8509,7.2318,7.2067
2022-12-15,3.9368,4.1283,4.8685,5.1439,5.8566,6.1291,6.2832,6.3869,6.5801,6.8384,7.2129,7.1894
2022-12-14,3.9929,4.1754,4.8285,5.1246,5.8273,6.0994,6.2758,6.4015,6.6032,6.8431,7.1795,7.1488
2022-12-13,3.9847,4.18,4.8134,5.1216,5.8364,6.1221,6.3188,6.4697,6.6908,6.9268,7.1804,7.1486
2022-12-12,3.9675,4.1664,4.8225,5.1325,5.8494,6.1312,6.3137,6.4498,6.6544,6.8807,7.2001,7.1496
2022-12-09,3.965,4.1601,4.8147,5.1257,5.8756,6.1568,6.334,6.465,6.6615,6.8684,7.2233,7.1814
2022-12-07,3.9567,4.1928,4.8613,5.1214,5.8856,6.1745,6.3524,6.4802,6.6811,6.8759,7.2261,7.1728
2022-12-06,4.1495,4.2161,4.8246,5.1014,5.9332,6.2354,6.4209,6.5487,6.7426,6.9894,7.3029,7.2542
2022-12-05,4.1539,4.2027,4.8147,5.1538,5.9186,6.2399,6.4461,6.5801,6.749,6.9759,7.439,7.4015
2022-12-02,3.8464,4.1448,4.8476,5.2414,5.9148,6.2437,6.4499,6.5882,6.7754,6.9976,7.4494,7.4008
2022-12-01,4.1338,4.2316,4.8452,5.2185,5.9532,6.2909,6.4978,6.6273,6.7907,6.9686,7.4664,7.4177
2022-11-29,3.8264,4.2407,4.8812,5.2648,6.0021,6.3219,6.5183,6.6457,6.8638,7.1947,7.5723,7.5387
2022-11-28,4.1798,4.2382,4.8236,5.13,5.9985,6.3251,6.5144,6.6307,6.8484,7.2033,7.5955,7.5465
2022-11-25,3.7236,4.177,4.9237,5.081,6.0066,6.3366,6.534,6.6618,6.8822,7.2236,7.6584,7.6226
2022-11-24,3.7231,4.2064,4.9148,5.0667,6.0465,6.3639,6.5477,6.6661,6.8909,7.2845,7.7351,7.7013
2022-11-23,3.6975,4.1937,4.888,5.0666,6.1214,6.4716,6.6453,6.7344,6.9134,7.3031,7.8452,7.8554
2022-11-22,3.5614,4.2512,5.0112,5.1511,6.1144,6.483,6.6852,6.8016,7.0181,7.459,7.8411,7.8489
2022-11-21,3.4941,4.2003,4.9755,5.1322,6.0782,6.4646,6.6837,6.8163,7.0328,7.4771,7.8097,7.8199
2022-11-18,3.4269,4.1205,4.8101,5.0535,6.0652,6.4595,6.681,6.8136,7.0409,7.4787,7.897,7.9138
2022-11-17,3.4194,4.1455,4.7819,5.0689,6.0311,6.4498,6.6797,6.8215,7.0664,7.5112,7.8541,7.8726
2022-11-16,3.4295,4.1345,4.776,5.0446,6.0856,6.5081,6.7551,6.9192,7.1744,7.589,7.7008,7.7772
2022-11-15,3.3644,4.1156,4.7596,5.0557,6.0572,6.5147,6.8275,7.0419,7.3056,7.6904,7.7208,7.7931
2022-11-14,3.3843,4.1313,4.7679,5.0796,6.0752,6.5267,6.841,7.0803,7.3558,7.6929,7.792,7.8755
2022-11-11,3.4127,4.1094,4.6397,5.0454,6.0571,6.5035,6.8004,7.0151,7.2659,7.6479,7.812,7.8828
2022-11-10,3.3595,4.029,4.6337,5.0409,6.0691,6.5097,6.8198,7.0516,7.3241,7.7206,7.8721,7.9129
2022-11-09,3.2681,3.9609,4.6364,4.9736,6.0652,6.5036,6.822,7.0562,7.3145,7.6285,7.788,7.7921
2022-11-08,3.2731,3.9343,4.629,4.9674,6.0157,6.4219,6.7007,6.9067,7.2175,7.6028,7.7744,7.7811
2022-11-07,3.2684,3.9606,4.6238,4.9604,5.9689,6.351,6.6264,6.8474,7.1704,7.4922,7.7337,7.7374
2022-11-04,3.2001,3.8559,4.5504,4.8684,5.9858,6.3675,6.6257,6.8388,7.1597,7.4738,7.5477,7.3706
2022-11-03,3.2452,3.8968,4.5656,4.8679,5.9485,6.3284,6.5892,6.8089,7.1543,7.4401,7.5446,7.3858
2022-11-02,3.1921,3.8394,4.4608,4.8646,5.9449,6.3304,6.5936,6.8153,7.138,7.3934,7.2893,7.2764
2022-10-28,3.1913,3.7503,4.5345,4.888,5.9251,6.3028,6.5533,6.7549,7.0822,7.4399,7.2864,7.2794
2022-10-27,3.1834,3.7407,4.5517,4.8812,5.8828,6.2608,6.5196,6.729,7.0723,7.4573,7.2779,7.2709
2022-10-26,3.1651,3.7262,4.4935,4.8749,5.8877,6.2597,6.5097,6.7246,7.0927,7.4814,7.2977,7.2936
2022-10-25,3.1725,3.7186,4.4879,4.8658,5.9561,6.3265,6.5646,6.7651,7.1311,7.5624,7.3184,7.3163
2022-10-24,3.1471,3.7036,4.4823,4.8598,5.8275,6.1874,6.4977,6.7767,7.1369,7.4147,7.1979,7.1932
2022-10-21,3.1047,3.5554,4.3793,3.9236,5.9087,6.279,6.5504,6.7723,7.0795,7.3823,7.204,7.1969
2022-10-20,3.0937,3.5448,4.3665,3.9147,5.8214,6.1688,6.4521,6.6982,7.0487,7.3502,7.2213,7.2192
2022-10-19,2.9707,3.5078,4.3575,3.9112,5.9195,6.2224,6.4689,6.6859,7.0224,7.3533,7.2414,7.2402
2022-10-18,2.8859,3.4197,4.2618,3.9398,5.6311,5.9483,6.2564,6.553,6.9731,7.2046,7.2433,7.2394
2022-10-17,2.8927,3.4114,4.0756,3.8808,5.6167,5.9351,6.2425,6.5379,6.9682,7.2019,7.2451,7.2414
2022-10-14,2.8476,3.3704,4.0154,3.881,5.6648,5.9885,6.2716,6.5364,6.9505,7.2021,7.3271,7.329
2022-10-13,2.8367,3.3601,3.9967,3.8925,5.5521,5.9173,6.2257,6.5066,6.9258,7.1924,7.4688,7.468
2022-10-12,2.8062,3.3371,3.9716,3.9195,5.5615,5.9258,6.2325,6.5048,6.8892,7.1441,7.4735,7.4763
2022-10-11,2.8552,3.3359,3.9912,3.9199,5.4787,5.8449,6.1506,6.4157,6.7714,7.1109,7.4641,7.4677
2022-10-10,2.8185,3.3335,3.8845,3.9273,5.432,5.7757,6.0893,6.3857,6.7781,7.0882,7.4217,7.4251
2022-10-07,2.8468,3.1811,3.65,3.8471,5.4344,5.7652,6.0662,6.3536,6.7463,7.0498,7.4298,7.4349
2022-10-06,2.9235,3.2594,3.6968,3.8701,5.3335,5.6888,6.0322,6.3598,6.7721,7.0662,7.3961,7.3993
2022-10-05,2.8658,3.1781,3.6926,3.8516,5.3896,5.7237,6.028,6.3247,6.7498,7.0708,7.3967,7.401
2022-10-04,2.9156,3.1857,3.6908,3.8389,5.2351,5.5695,5.9287,6.2879,6.7566,7.096,7.3935,7.3985
2022-10-03,2.8867,3.1871,3.6787,3.8618,5.2111,5.5506,5.9106,6.2666,6.7154,7.0358,7.4032,7.4076
2022-09-30,2.698,3.153,3.8422,3.9022,5.2158,5.5797,5.9434,6.2904,6.7166,7.039,7.4005,7.3989
2022-09-29,2.6372,3.0904,3.8425,3.913,5.1555,5.5403,5.9509,6.3454,6.7886,7.0728,7.3565,7.351
2022-09-28,2.613,2.967,3.8094,3.8864,5.1363,5.5196,5.9227,6.3029,6.7419,7.0898,7.3304,7.3256
2022-09-27,2.4612,2.9416,3.8201,3.9355,5.1457,5.5178,5.9109,6.2867,6.7274,7.0602,7.338,7.333
2022-09-23,2.3433,2.7762,3.7042,3.928,5.1587,5.5341,5.907,6.2568,6.6793,6.946,7.2329,7.2255
2022-09-22,2.3053,2.6417,3.6957,3.9249,5.1278,5.515,5.8788,6.211,6.6244,6.8908,7.1525,7.1466
2022-09-21,2.2995,2.6085,3.6673,3.8917,5.1346,5.4907,5.8369,6.1625,6.5805,6.8373,7.159,7.1544
2022-09-20,2.3274,2.5998,3.6172,3.9069,5.147,5.497,5.8152,6.0985,6.4836,6.8023,7.0875,7.0868
2022-09-19,2.3501,2.5814,3.6116,3.9058,5.1743,5.4994,5.8026,6.0798,6.4543,6.7502,7.0579,7.057
2022-09-16,2.3438,2.5669,3.469,3.9147,5.2258,5.5639,5.8549,6.1103,6.4569,6.7212,7.0564,7.0548
2022-09-15,2.4355,2.5662,3.2901,3.9087,5.0943,5.393,5.6923,5.9731,6.3754,6.7124,7.022,7.0163
2022-09-14,2.4223,2.5515,3.3818,3.9186,5.0686,5.3584,5.6672,5.9609,6.3529,6.7252,7.0225,7.017
2022-09-13,2.4012,2.5068,3.3493,3.9197,5.0025,5.2985,5.6076,5.9041,6.3,6.5932,7.0007,6.9927
2022-09-12,2.1842,2.469,3.3671,3.9969,5.0392,5.3708,5.7037,5.9864,6.3164,6.5998,6.9968,6.9913
2022-09-09,2.1694,2.461,3.2996,3.9767,5.049,5.3706,5.7004,5.9893,6.3341,6.6309,6.9911,6.984
2022-09-08,2.1765,2.457,3.3045,3.9041,5.0595,5.3776,5.6983,5.972,6.2797,6.57,6.9404,6.9345
2022-09-07,2.1075,2.4207,3.2667,3.8968,5.0492,5.3817,5.7384,6.0581,6.3369,6.5538,6.7215,6.705
2022-09-06,2.0539,2.3628,3.2571,3.9446,4.9907,5.2242,5.4825,5.74,6.1041,6.3844,6.6948,6.6837
2022-09-05,2.0189,2.3587,3.1703,3.9382,4.9675,5.2028,5.4553,5.7089,6.0768,6.3487,6.68,6.6757
2022-09-02,1.9839,2.383,3.3304,3.8911,4.7848,5.0753,5.3769,5.6589,6.0158,6.2395,6.6494,6.6412
2022-09-01,1.8991,2.2913,3.3024,3.8707,4.6976,5.0097,5.3038,5.5653,5.9185,6.1744,6.6086,6.5964
2022-08-31,1.8814,2.2535,3.285,3.8685,4.6644,4.9832,5.2928,5.5687,5.9213,6.1146,6.5975,6.5841
2022-08-30,1.8269,2.1676,3.2679,3.8425,4.6233,4.9565,5.2804,5.5677,5.9201,6.0675,6.5823,6.5675
2022-08-26,1.8208,2.1447,3.2516,3.8085,4.6053,4.9432,5.2525,5.522,5.8643,6.0145,6.5791,6.5673
2022-08-25,1.7719,2.1297,3.1786,3.8393,4.5657,4.9116,5.225,5.4862,5.8114,5.9991,6.566,6.554
2022-08-23,1.743,2.0972,3.1556,3.8332,4.5604,4.9015,5.2042,5.4665,5.8128,5.9725,6.5753,6.5615
2022-08-22,1.7425,2.0921,3.1542,3.8163,4.5656,4.8962,5.1834,5.4337,5.7752,5.9361,6.5712,6.5601
2022-08-19,1.7085,2.0531,3.0595,3.7651,4.5822,4.9233,5.2028,5.4326,5.7475,5.9349,6.5753,6.5652
2022-08-18,1.6853,2.0326,3.0519,3.7086,4.572,4.9179,5.2081,5.4442,5.7512,5.9181,6.5771,6.5654
2022-08-17,1.7018,2.0343,3.0522,3.6897,4.5979,4.9425,5.2172,5.424,5.6873,5.8697,6.6038,6.5915
2022-08-16,1.7118,2.0546,3.058,3.664,4.6115,4.9686,5.242,5.4291,5.6669,5.8423,6.644,6.631
2022-08-15,1.6927,2.0578,3.0371,3.6585,4.6467,5.0034,5.2737,5.463,5.7203,5.9638,6.6607,6.6507
