Date,3Y,5Y,7Y,10Y,20Y
2026-08-19,3.33,3.54,3.7,3.74,
2026-08-18,3.32,3.53,3.68,3.74,
2026-08-17,3.33,3.53,3.69,3.74,
2026-08-14,3.34,3.53,3.69,3.74,
2026-08-13,3.34,3.53,3.69,3.74,
2026-08-12,3.34,3.53,3.67,3.74,
2026-08-11,3.32,3.53,3.68,3.74,
2026-08-10,3.32,3.53,3.67,3.73,
2026-08-07,3.32,3.53,3.67,3.72,
2026-08-06,3.32,3.53,3.67,3.72,
2026-08-05,3.32,3.52,3.67,3.73,
2026-08-04,3.32,3.52,3.67,3.73,
2026-08-03,3.3,3.49,3.65,3.71,
2026-07-31,3.3,3.49,3.65,3.7,
2026-07-30,3.31,3.51,3.65,3.72,
2026-07-29,3.32,3.51,3.67,3.72,
2026-07-28,3.29,3.48,3.63,3.7,
2026-07-27,3.29,3.47,3.62,3.69,
2026-07-24,3.29,3.49,3.63,3.7,
2026-07-23,3.29,3.46,3.6,3.69,
2026-07-22,3.27,3.44,3.59,3.67,
2026-07-21,3.27,3.42,3.57,3.66,
2026-07-20,3.25,3.43,3.56,3.65,
2026-07-17,3.26,3.41,3.55,3.65,
2026-07-16,3.25,3.4,3.54,3.63,
2026-07-15,3.26,3.4,3.55,3.63,
2026-07-14,3.28,3.41,3.55,3.64,
2026-07-13,3.26,3.39,3.54,3.62,
2026-07-10,3.25,3.39,3.53,3.62,
2026-07-09,3.26,3.41,3.54,3.63,
2026-07-08,3.26,3.41,3.55,3.63,
2026-07-07,3.25,3.39,3.54,3.62,
2026-07-06,3.25,3.39,3.53,3.61,
2026-07-03,3.26,3.39,3.53,3.62,
2026-07-02,3.26,3.4,3.54,3.63,
2026-07-01,3.26,3.4,3.53,3.61,
2026-06-30,3.25,3.37,3.53,3.6,
2026-06-29,3.26,3.39,3.53,3.6,
2026-06-26,3.25,3.41,3.55,3.61,
2026-06-25,3.25,3.41,3.55,3.61,
2026-06-24,3.26,3.42,3.57,3.63,
2026-06-23,3.26,3.43,3.57,3.62,
2026-06-22,3.27,3.43,3.57,3.62,
2026-06-19,3.26,3.43,3.57,3.61,
2026-06-18,3.25,3.45,3.57,3.6,
2026-06-17,3.24,3.43,3.54,3.61,
2026-06-16,3.24,3.43,3.54,3.61,
2026-06-15,3.23,3.42,3.54,3.58,
2026-06-12,3.24,3.44,3.56,3.58,
2026-06-11,3.26,3.44,3.58,3.6,
2026-06-10,3.26,3.44,3.57,3.61,
2026-06-09,3.27,3.44,3.58,3.61,
2026-06-08,3.27,3.44,3.58,3.62,
2026-06-05,3.25,3.42,3.55,3.57,
2026-06-04,3.25,3.4,3.53,3.56,
2026-06-03,3.24,3.41,3.51,3.55,
2026-06-02,3.23,3.4,3.51,3.56,
2026-06-01,3.23,3.4,3.51,3.56,
2026-05-29,3.23,3.4,3.51,3.56,
2026-05-28,3.22,3.39,3.57,3.58,
2026-05-27,3.21,3.41,3.53,3.59,
2026-05-26,3.21,3.41,3.53,3.59,
2026-05-25,3.21,3.4,3.54,3.58,
2026-05-22,3.23,3.41,3.57,3.61,
2026-05-21,3.23,3.41,3.54,3.61,
2026-05-20,3.23,3.42,3.54,3.61,
2026-05-19,3.23,3.42,3.53,3.61,
2026-05-18,3.24,3.41,3.53,3.59,
2026-05-15,3.22,3.38,3.49,3.57,
2026-05-14,3.21,3.36,3.47,3.58,
2026-05-13,3.22,3.37,3.48,3.58,
2026-05-12,3.19,3.36,3.45,3.57,
2026-05-11,3.19,3.35,3.45,3.55,
2026-05-08,3.19,3.34,3.45,3.55,
2026-05-07,3.19,3.34,3.44,3.56,
2026-05-06,3.2,3.34,3.46,3.57,
2026-05-05,3.21,3.36,3.46,3.57,
2026-05-04,3.21,3.35,3.44,3.56,
2026-05-01,3.21,3.35,3.44,3.57,
2026-04-30,3.21,3.35,3.44,3.57,
2026-04-29,3.19,3.33,3.43,3.55,
2026-04-28,3.19,3.33,3.44,3.54,
2026-04-27,3.17,3.32,3.43,3.54,
2026-04-24,3.17,3.34,3.44,3.55,
2026-04-23,3.17,3.38,3.44,3.55,
2026-04-22,3.17,3.31,3.46,3.55,
2026-04-21,3.17,3.31,3.45,3.55,
2026-04-20,3.18,3.35,3.45,3.58,
2026-04-17,3.19,3.35,3.46,3.58,
2026-04-16,3.19,3.34,3.47,3.56,
2026-04-15,3.19,3.35,3.47,3.57,
2026-04-14,3.2,3.36,3.47,3.57,
2026-04-13,3.22,3.36,3.47,3.59,
2026-04-10,3.23,3.37,3.48,3.59,
2026-04-09,3.23,3.39,3.51,3.6,
2026-04-08,3.23,3.4,3.49,3.59,
2026-04-07,3.24,3.41,3.53,3.63,
2026-04-06,3.24,3.43,3.53,3.62,
2026-04-03,3.24,3.43,3.53,3.62,
2026-04-02,3.24,3.43,3.52,3.62,
2026-04-01,3.23,3.41,3.51,3.58,
2026-03-31,3.26,3.43,3.55,3.63,
2026-03-30,3.29,3.46,3.54,3.65,
2026-03-27,3.29,3.43,3.53,3.63,
2026-03-26,3.26,3.42,3.5,3.6,
2026-03-25,3.23,3.4,3.48,3.58,
2026-03-24,3.24,3.4,3.49,3.58,
2026-03-23,3.22,3.37,3.45,3.56,
2026-03-20,3.22,3.37,3.45,3.56,
2026-03-19,3.22,3.37,3.45,3.56,
2026-03-18,3.21,3.34,3.43,3.54,
2026-03-17,3.22,3.36,3.44,3.56,
2026-03-16,3.23,3.38,3.45,3.57,
2026-03-13,3.14,3.38,3.46,3.57,
2026-03-12,3.14,3.37,3.46,3.55,
2026-03-11,3.11,3.36,3.45,3.55,
2026-03-10,3.1,3.35,3.47,3.55,
2026-03-09,3.16,3.38,3.48,3.59,
2026-03-06,3.1,3.35,3.44,3.55,
2026-03-05,3.09,3.34,3.42,3.54,
2026-03-04,3.08,3.33,3.43,3.54,
2026-03-03,3.07,3.35,3.41,3.54,
2026-03-02,3.03,3.31,3.39,3.49,
2026-02-27,3.03,3.31,3.4,3.48,
2026-02-26,3.03,3.3,3.43,3.51,
2026-02-25,3.02,3.27,3.44,3.52,
2026-02-24,3.02,3.27,3.44,3.53,
2026-02-23,3.03,3.27,3.43,3.52,
2026-02-20,3.02,3.27,3.43,3.52,
2026-02-19,3.04,3.28,3.44,3.52,
2026-02-18,3.05,3.27,3.43,3.52,
2026-02-17,3.05,3.27,3.43,3.52,
2026-02-16,3.05,3.27,3.43,3.52,
2026-02-13,3.05,3.3,3.45,3.54,
2026-02-12,3.04,3.28,3.45,3.55,
2026-02-11,3.03,3.29,3.45,3.55,
2026-02-10,3.03,3.28,3.45,3.56,
2026-02-09,3.03,3.28,3.46,3.57,
2026-02-06,3.01,3.28,3.45,3.56,
2026-02-05,3.01,3.29,3.43,3.57,
2026-02-04,3.01,3.28,3.43,3.54,
2026-02-03,3.01,3.26,3.43,3.54,
2026-02-02,3.0,3.27,3.43,3.5,
2026-01-30,3.0,3.27,3.43,3.5,
2026-01-29,3.01,3.27,3.43,3.5,
2026-01-28,3.02,3.25,3.42,3.49,
2026-01-27,2.99,3.26,3.43,3.49,
2026-01-26,2.98,3.26,3.44,3.5,
2026-01-23,2.99,3.28,3.45,3.53,
2026-01-22,3.01,3.28,3.47,3.52,
2026-01-21,3.05,3.32,3.48,3.56,
2026-01-20,3.04,3.32,3.48,3.58,
2026-01-19,3.02,3.3,3.46,3.56,
2026-01-16,3.01,3.29,3.47,3.54,
2026-01-15,3.01,3.27,3.44,3.54,
2026-01-14,3.0,3.27,3.44,3.54,
2026-01-13,3.0,3.27,3.44,3.54,
2026-01-12,2.99,3.27,3.42,3.53,
2026-01-09,2.99,3.25,3.41,3.51,
2026-01-08,2.99,3.25,3.39,3.51,
2026-01-07,2.99,3.25,3.39,3.51,
2026-01-06,3.01,3.26,3.38,3.51,
2026-01-05,2.98,3.23,3.38,3.5,
2026-01-02,2.99,3.23,3.37,3.5,
2026-01-01,3.0,3.26,3.37,3.49,
2025-12-31,3.0,3.26,3.37,3.49,
2025-12-30,2.99,3.24,3.37,3.52,
2025-12-29,2.99,3.25,3.38,3.52,
2025-12-26,3.0,3.25,3.39,3.53,
2025-12-25,3.0,3.25,3.39,3.53,
2025-12-24,3.0,3.25,3.39,3.53,
2025-12-23,3.03,3.26,3.45,3.53,
2025-12-22,3.03,3.26,3.45,3.55,
2025-12-19,3.03,3.26,3.41,3.55,
2025-12-18,3.03,3.28,3.45,3.56,
2025-12-17,3.03,3.28,3.45,3.56,
2025-12-16,3.03,3.29,3.48,3.57,
2025-12-15,3.03,3.29,3.49,3.57,
2025-12-12,3.05,3.3,3.49,3.58,
2025-12-11,3.04,3.28,3.48,3.56,
2025-12-10,3.05,3.31,3.5,3.57,
2025-12-09,3.02,3.28,3.48,3.53,
2025-12-08,3.02,3.27,3.47,3.48,
2025-12-05,3.01,3.25,3.45,3.48,
2025-12-04,3.03,3.25,3.45,3.48,
2025-12-03,3.03,3.25,3.46,3.48,
2025-12-02,3.04,3.26,3.48,3.46,
2025-12-01,3.04,3.26,3.45,3.46,
2025-11-28,3.04,3.24,3.45,3.47,
2025-11-27,3.0,3.22,3.45,3.45,
2025-11-26,3.02,3.21,3.42,3.43,
2025-11-25,3.02,3.22,3.43,3.43,
2025-11-24,3.02,3.22,3.44,3.43,
2025-11-21,3.01,3.23,3.44,3.43,
2025-11-20,3.03,3.22,3.44,3.43,
2025-11-19,3.02,3.23,3.44,3.43,
2025-11-18,3.04,3.24,3.46,3.44,
2025-11-17,3.03,3.23,3.41,3.45,
2025-11-14,3.04,3.22,3.41,3.44,
2025-11-13,3.03,3.2,3.39,3.43,
2025-11-12,3.04,3.21,3.4,3.49,
2025-11-11,3.07,3.24,3.42,3.49,
2025-11-10,3.07,3.24,3.45,3.5,
2025-11-07,3.11,3.23,3.44,3.49,
2025-11-06,3.13,3.25,3.48,3.49,
2025-11-05,3.13,3.25,3.45,3.49,
2025-11-04,3.13,3.25,3.46,3.5,
2025-11-03,3.14,3.24,3.46,3.5,
2025-10-31,3.13,3.25,3.44,3.49,
2025-10-30,3.13,3.25,3.45,3.51,
2025-10-29,3.11,3.24,3.44,3.48,
2025-10-28,3.11,3.23,3.42,3.49,
2025-10-27,3.13,3.24,3.43,3.49,
2025-10-24,3.1,3.23,3.43,3.49,
2025-10-23,3.1,3.23,3.4,3.48,
2025-10-22,3.11,3.24,3.41,3.48,
2025-10-21,3.09,3.24,3.41,3.47,
2025-10-20,3.08,3.2,3.39,3.46,
2025-10-17,3.08,3.2,3.39,3.46,
2025-10-16,3.08,3.22,3.41,3.46,
2025-10-15,3.08,3.18,3.39,3.45,
2025-10-14,3.07,3.18,3.39,3.49,
2025-10-13,3.07,3.19,3.4,3.49,
2025-10-10,3.09,3.24,3.43,3.49,
2025-10-09,3.1,3.24,3.47,3.49,
2025-10-08,3.12,3.24,3.5,3.51,
2025-10-07,3.12,3.23,3.44,3.49,
2025-10-06,3.1,3.23,3.39,3.46,
2025-10-03,3.09,3.2,3.39,3.44,
2025-10-02,3.08,3.23,3.4,3.46,
2025-10-01,3.11,3.23,3.42,3.45,
2025-09-30,3.11,3.21,3.42,3.45,
2025-09-29,3.13,3.23,3.42,3.46,
2025-09-26,3.08,3.25,3.43,3.47,
2025-09-25,3.08,3.21,3.4,3.44,
2025-09-24,3.06,3.17,3.37,3.43,
2025-09-23,3.05,3.18,3.36,3.41,
2025-09-22,3.04,3.17,3.34,3.43,
2025-09-19,3.04,3.13,3.32,3.4,
2025-09-18,3.04,3.11,3.31,3.39,
2025-09-17,3.04,3.12,3.32,3.4,
2025-09-16,3.06,3.12,3.33,3.41,
2025-09-15,3.06,3.12,3.33,3.41,
2025-09-12,3.06,3.12,3.33,3.41,
2025-09-11,3.06,3.13,3.34,3.43,
2025-09-10,3.05,3.12,3.33,3.39,
2025-09-09,3.04,3.12,3.33,3.39,
2025-09-08,3.04,3.11,3.32,3.4,
2025-09-05,3.04,3.13,3.32,3.4,
2025-09-04,3.04,3.13,3.32,3.4,
2025-09-03,3.04,3.13,3.33,3.42,
2025-09-02,3.0,3.09,3.32,3.4,
2025-09-01,3.0,3.08,3.3,3.39,
2025-08-29,3.0,3.08,3.3,3.39,
2025-08-28,2.99,3.08,3.29,3.39,
2025-08-27,2.98,3.05,3.28,3.39,
2025-08-26,2.98,3.07,3.28,3.37,
2025-08-25,2.96,3.07,3.26,3.36,
2025-08-22,2.98,3.08,3.26,3.38,
2025-08-21,2.98,3.08,3.27,3.39,
2025-08-20,2.98,3.04,3.29,3.38,
2025-08-19,2.98,3.04,3.26,3.38,
2025-08-18,2.96,3.04,3.26,3.37,
2025-08-15,2.95,3.04,3.26,3.36,
2025-08-14,2.95,3.05,3.25,3.35,
2025-08-13,2.99,3.07,3.27,3.38,
2025-08-12,3.03,3.11,3.29,3.39,
2025-08-11,3.02,3.07,3.27,3.36,
2025-08-08,3.02,3.09,3.26,3.36,
2025-08-07,3.03,3.11,3.28,3.38,
2025-08-06,3.04,3.14,3.31,3.38,
2025-08-05,3.05,3.15,3.33,3.39,
2025-08-04,3.05,3.17,3.34,3.39,
2025-08-01,3.08,3.18,3.36,3.4,
2025-07-31,3.05,3.15,3.34,3.37,
2025-07-30,3.05,3.14,3.34,3.37,
2025-07-29,3.05,3.14,3.34,3.36,
2025-07-28,3.06,3.14,3.34,3.37,
2025-07-25,3.05,3.15,3.33,3.4,
2025-07-24,3.05,3.15,3.35,3.4,
2025-07-23,3.07,3.16,3.36,3.42,
2025-07-22,3.08,3.18,3.36,3.42,
2025-07-21,3.09,3.16,3.36,3.42,
2025-07-18,3.08,3.15,3.35,3.42,
2025-07-17,3.08,3.16,3.36,3.42,
2025-07-16,3.1,3.13,3.37,3.43,
2025-07-15,3.11,3.16,3.36,3.45,
2025-07-14,3.07,3.16,3.35,3.44,
2025-07-11,3.06,3.16,3.35,3.44,
2025-07-10,3.07,3.15,3.34,3.43,
2025-07-09,3.12,3.12,3.36,3.44,
2025-07-08,3.13,3.17,3.36,3.44,
2025-07-07,3.13,3.17,3.38,3.44,
2025-07-04,3.12,3.18,3.37,3.44,
2025-07-03,3.12,3.17,3.37,3.44,
2025-07-02,3.12,3.18,3.37,3.44,
2025-07-01,3.15,3.17,3.39,3.47,
2025-06-30,3.15,3.2,3.41,3.47,
2025-06-27,3.14,3.18,3.38,3.52,
2025-06-26,3.14,3.18,3.38,3.52,
2025-06-25,3.12,3.22,3.41,3.55,
2025-06-24,3.15,3.23,3.45,3.56,
2025-06-23,3.19,3.26,3.49,3.59,
2025-06-20,3.2,3.25,3.49,3.59,
2025-06-19,3.22,3.26,3.49,3.59,
2025-06-18,3.21,3.26,3.49,3.59,
2025-06-17,3.22,3.27,3.5,3.59,
2025-06-16,3.21,3.28,3.51,3.59,
2025-06-13,3.18,3.26,3.47,3.55,
2025-06-12,3.17,3.24,3.47,3.55,
2025-06-11,3.16,3.27,3.46,3.56,
2025-06-10,3.16,3.24,3.43,3.53,
2025-06-09,3.15,3.18,3.43,3.51,
2025-06-06,3.15,3.18,3.4,3.52,
2025-06-05,3.16,3.2,3.41,3.52,
2025-06-04,3.16,3.21,3.4,3.53,
2025-06-03,3.16,3.21,3.39,3.53,
2025-06-02,3.16,3.21,3.39,3.52,
2025-05-30,3.16,3.21,3.39,3.52,
2025-05-29,3.16,3.22,3.4,3.55,
2025-05-28,3.15,3.19,3.39,3.52,
2025-05-27,3.15,3.18,3.39,3.55,
2025-05-26,3.16,3.19,3.41,3.56,
2025-05-23,3.17,3.2,3.43,3.59,
2025-05-22,3.23,3.24,3.45,3.58,
2025-05-21,3.19,3.3,3.46,3.59,
2025-05-20,3.18,3.3,3.46,3.59,
2025-05-19,3.18,3.3,3.48,3.62,
2025-05-16,3.17,3.27,3.5,3.61,
2025-05-15,3.2,3.33,3.49,3.6,
2025-05-14,3.22,3.33,3.49,3.58,
2025-05-13,3.2,3.29,3.49,3.59,
2025-05-12,3.16,3.26,3.41,3.53,
2025-05-09,3.16,3.26,3.41,3.53,
2025-05-08,3.18,3.29,3.53,3.65,
2025-05-07,3.2,3.3,3.53,3.66,
2025-05-06,3.23,3.32,3.54,3.65,
2025-05-05,3.25,3.37,3.56,3.67,
2025-05-02,3.24,3.34,3.57,3.67,
2025-05-01,3.26,3.34,3.55,3.66,
2025-04-30,3.26,3.34,3.55,3.66,
2025-04-29,3.26,3.35,3.53,3.65,
2025-04-28,3.26,3.35,3.55,3.66,
2025-04-25,3.26,3.35,3.55,3.66,
2025-04-24,3.27,3.37,3.56,3.68,
2025-04-23,3.29,3.39,3.56,3.67,
2025-04-22,3.34,3.41,3.57,3.67,
2025-04-21,3.31,3.37,3.54,3.64,
2025-04-18,3.34,3.42,3.61,3.69,
2025-04-17,3.37,3.46,3.62,3.71,
2025-04-16,3.4,3.47,3.64,3.72,
2025-04-15,3.4,3.46,3.63,3.72,
2025-04-14,3.38,3.49,3.65,3.74,
2025-04-11,3.39,3.51,3.67,3.74,
2025-04-10,3.38,3.43,3.65,3.71,
2025-04-09,3.36,3.47,3.67,3.77,
2025-04-08,3.33,3.42,3.56,3.69,
2025-04-07,3.28,3.37,3.5,3.66,
2025-04-04,3.28,3.41,3.56,3.67,
2025-04-03,3.33,3.52,3.68,3.73,
2025-04-02,3.37,3.55,3.7,3.76,
2025-04-01,3.38,3.56,3.72,3.77,
2025-03-31,3.38,3.56,3.72,3.77,
2025-03-28,3.38,3.56,3.72,3.77,
2025-03-27,3.39,3.56,3.71,3.78,
2025-03-26,3.39,3.55,3.7,3.76,
2025-03-25,3.39,3.54,3.7,3.75,
2025-03-24,3.37,3.54,3.7,3.75,
2025-03-21,3.35,3.54,3.68,3.73,
2025-03-20,3.36,3.54,3.68,3.74,
2025-03-19,3.33,3.54,3.69,3.75,
2025-03-18,3.36,3.56,3.7,3.76,
2025-03-17,3.36,3.56,3.7,3.76,
2025-03-14,3.39,3.56,3.71,3.76,
2025-03-13,3.39,3.57,3.71,3.76,
2025-03-12,3.39,3.56,3.72,3.76,
2025-03-11,3.4,3.57,3.71,3.76,
2025-03-10,3.4,3.57,3.72,3.77,
2025-03-07,3.4,3.58,3.72,3.77,
2025-03-06,3.44,3.59,3.73,3.77,
2025-03-05,3.41,3.58,3.72,3.77,
2025-03-04,3.42,3.59,3.74,3.77,
2025-03-03,3.43,3.59,3.75,3.79,
2025-02-28,3.43,3.58,3.76,3.79,
2025-02-27,3.43,3.59,3.75,3.78,
2025-02-26,3.43,3.59,3.75,3.79,
2025-02-25,3.44,3.59,3.76,3.78,
2025-02-24,3.45,3.59,3.8,3.79,
2025-02-21,3.45,3.59,3.76,3.8,
2025-02-20,3.45,3.6,3.76,3.8,
2025-02-19,3.45,3.6,3.76,3.8,
2025-02-18,3.44,3.61,3.77,3.78,
2025-02-17,3.45,3.61,3.77,3.79,
2025-02-14,3.45,3.63,3.77,3.8,
2025-02-13,3.44,3.63,3.78,3.82,
2025-02-12,3.44,3.63,3.79,3.82,
2025-02-11,3.44,3.62,3.78,3.82,
2025-02-10,3.44,3.62,3.78,3.82,
2025-02-07,3.44,3.62,3.77,3.81,
2025-02-06,3.44,3.61,3.78,3.8,
2025-02-05,3.45,3.61,3.78,3.81,
2025-02-04,3.46,3.63,3.79,3.82,
2025-02-03,3.48,3.63,3.79,3.81,
2025-01-31,3.45,3.62,3.78,3.81,
2025-01-30,3.44,3.61,3.77,3.8,
2025-01-29,3.44,3.61,3.77,3.8,
2025-01-28,3.44,3.61,3.77,3.8,
2025-01-27,3.43,3.6,3.77,3.8,
2025-01-24,3.42,3.61,3.78,3.81,
2025-01-23,3.43,3.61,3.78,3.81,
2025-01-22,3.43,3.6,3.78,3.8,
2025-01-21,3.43,3.61,3.79,3.82,
2025-01-20,3.45,3.61,3.79,3.82,
2025-01-17,3.46,3.62,3.79,3.82,
2025-01-16,3.45,3.61,3.79,3.82,
2025-01-15,3.47,3.62,3.8,3.82,
2025-01-14,3.48,3.63,3.8,3.83,
2025-01-13,3.48,3.63,3.81,3.84,
2025-01-10,3.45,3.61,3.79,3.82,
2025-01-09,3.44,3.61,3.79,3.82,
2025-01-08,3.46,3.6,3.79,3.82,
2025-01-07,3.44,3.6,3.77,3.82,
2025-01-06,3.44,3.61,3.79,3.82,
2025-01-03,3.44,3.6,3.77,3.81,
2025-01-02,3.47,3.61,3.77,3.82,
2025-01-01,3.48,3.62,3.77,3.82,
2024-12-31,3.48,3.62,3.77,3.82,
2024-12-30,3.49,3.64,3.77,3.81,
2024-12-27,3.5,3.63,3.78,3.82,
2024-12-26,3.48,3.64,3.77,3.83,
2024-12-25,3.48,3.64,3.77,3.83,
2024-12-24,3.48,3.64,3.77,3.83,
2024-12-23,3.5,3.64,3.78,3.84,
2024-12-20,3.5,3.65,3.79,3.85,
2024-12-19,3.49,3.66,3.79,3.83,
2024-12-18,3.47,3.62,3.77,3.81,
2024-12-17,3.47,3.64,3.77,3.82,
2024-12-16,3.48,3.63,3.78,3.82,
2024-12-13,3.46,3.62,3.78,3.82,
2024-12-12,3.46,3.6,3.77,3.8,
2024-12-11,3.46,3.6,3.76,3.79,
2024-12-10,3.45,3.59,3.75,3.79,
2024-12-09,3.46,3.57,3.74,3.79,
2024-12-06,3.46,3.56,3.73,3.77,
2024-12-05,3.44,3.56,3.72,3.78,
2024-12-04,3.46,3.56,3.73,3.78,
2024-12-03,3.46,3.57,3.73,3.81,
2024-12-02,3.46,3.57,3.74,3.8,
2024-11-29,3.46,3.58,3.75,3.81,
2024-11-28,3.47,3.6,3.76,3.81,
2024-11-27,3.47,3.61,3.78,3.81,
2024-11-26,3.46,3.6,3.77,3.8,
2024-11-25,3.47,3.61,3.76,3.8,
2024-11-22,3.48,3.61,3.78,3.81,
2024-11-21,3.48,3.62,3.77,3.81,
2024-11-20,3.47,3.59,3.77,3.81,
2024-11-19,3.48,3.63,3.79,3.85,
2024-11-18,3.51,3.65,3.8,3.86,
2024-11-15,3.52,3.66,3.83,3.88,
2024-11-14,3.52,3.68,3.83,3.89,
2024-11-13,3.52,3.67,3.82,3.88,
2024-11-12,3.5,3.62,3.81,3.87,
2024-11-11,3.47,3.6,3.8,3.85,
2024-11-08,3.49,3.61,3.81,3.88,
2024-11-07,3.54,3.64,3.86,3.91,
2024-11-06,3.57,3.66,3.87,3.93,
2024-11-05,3.53,3.66,3.85,3.9,
2024-11-04,3.55,3.68,3.89,3.92,
2024-11-01,3.55,3.68,3.9,3.93,
2024-10-31,3.53,3.67,3.9,3.92,
2024-10-30,3.53,3.67,3.9,3.92,
2024-10-29,3.51,3.67,3.91,3.93,
2024-10-28,3.53,3.66,3.89,3.9,
2024-10-25,3.49,3.63,3.85,3.87,
2024-10-24,3.49,3.63,3.86,3.86,
2024-10-23,3.48,3.61,3.84,3.87,
2024-10-22,3.46,3.58,3.82,3.84,
2024-10-21,3.42,3.56,3.75,3.79,
2024-10-18,3.42,3.56,3.75,3.77,
2024-10-17,3.42,3.54,3.74,3.79,
2024-10-16,3.41,3.52,3.74,3.78,
2024-10-15,3.42,3.55,3.75,3.8,
2024-10-14,3.43,3.56,3.75,3.8,
2024-10-11,3.43,3.56,3.75,3.79,
2024-10-10,3.43,3.57,3.76,3.79,
2024-10-09,3.42,3.55,3.74,3.77,
2024-10-08,3.42,3.55,3.75,3.77,
2024-10-07,3.43,3.55,3.75,3.77,
2024-10-04,3.36,3.52,3.7,3.75,
2024-10-03,3.34,3.49,3.7,3.72,
2024-10-02,3.33,3.5,3.69,3.72,
2024-10-01,3.33,3.5,3.69,3.72,
2024-09-30,3.33,3.5,3.68,3.71,
2024-09-27,3.34,3.51,3.68,3.71,
2024-09-26,3.34,3.51,3.68,3.72,
2024-09-25,3.34,3.51,3.68,3.72,
2024-09-24,3.34,3.5,3.68,3.72,
2024-09-23,3.33,3.49,3.68,3.72,
2024-09-20,3.32,3.48,3.68,3.71,
2024-09-19,3.34,3.48,3.68,3.7,
2024-09-18,3.3,3.46,3.68,3.69,
2024-09-17,3.33,3.46,3.64,3.72,
2024-09-16,3.32,3.47,3.66,3.72,
2024-09-13,3.32,3.47,3.66,3.72,
2024-09-12,3.33,3.49,3.68,3.73,
2024-09-11,3.33,3.49,3.69,3.73,
2024-09-10,3.34,3.5,3.71,3.75,
2024-09-09,3.35,3.48,3.7,3.74,
2024-09-06,3.35,3.5,3.68,3.74,
2024-09-05,3.33,3.5,3.68,3.75,
2024-09-04,3.36,3.51,3.69,3.76,
2024-09-03,3.35,3.52,3.71,3.77,
2024-09-02,3.35,3.53,3.7,3.77,
2024-08-30,3.35,3.51,3.7,3.76,
2024-08-29,3.33,3.5,3.7,3.75,
2024-08-28,3.28,3.5,3.7,3.78,
2024-08-27,3.33,3.49,3.68,3.78,
2024-08-26,3.34,3.47,3.68,3.77,
2024-08-23,3.33,3.49,3.69,3.77,
2024-08-22,3.33,3.48,3.69,3.77,
2024-08-21,3.33,3.48,3.68,3.77,
2024-08-20,3.34,3.5,3.69,3.77,
2024-08-19,3.34,3.52,3.71,3.78,
2024-08-16,3.36,3.53,3.72,3.78,
2024-08-15,3.35,3.52,3.72,3.77,
2024-08-14,3.33,3.49,3.7,3.76,
2024-08-13,3.33,3.49,3.71,3.76,
2024-08-12,3.33,3.49,3.69,3.78,
2024-08-09,3.33,3.49,3.7,3.77,
2024-08-08,3.33,3.48,3.7,3.75,
2024-08-07,3.34,3.53,3.72,3.78,
2024-08-06,3.32,3.5,3.7,3.75,
2024-08-05,3.28,3.48,3.62,3.69,
2024-08-02,3.32,3.49,3.67,3.71,
2024-08-01,3.35,3.5,3.66,3.7,
2024-07-31,3.35,3.52,3.67,3.72,
2024-07-30,3.39,3.54,3.68,3.74,
2024-07-29,3.42,3.55,3.7,3.76,
2024-07-26,3.42,3.57,3.72,3.78,
2024-07-25,3.44,3.58,3.72,3.78,
2024-07-24,3.45,3.59,3.74,3.79,
2024-07-23,3.47,3.6,3.75,3.81,
2024-07-22,3.47,3.6,3.76,3.8,
2024-07-19,3.48,3.6,3.77,3.8,
2024-07-18,3.46,3.6,3.75,3.8,
2024-07-17,3.46,3.59,3.77,3.79,
2024-07-16,3.47,3.59,3.75,3.82,
2024-07-15,3.48,3.62,3.79,3.83,
2024-07-12,3.48,3.62,3.77,3.83,
2024-07-11,3.49,3.63,3.78,3.84,
2024-07-10,3.49,3.64,3.78,3.85,
2024-07-09,3.5,3.64,3.78,3.85,
2024-07-08,3.5,3.64,3.78,3.86,
2024-07-05,3.5,3.64,3.78,3.86,
2024-07-04,3.52,3.65,3.79,3.86,
2024-07-03,3.53,3.66,3.82,3.87,
2024-07-02,3.53,3.67,3.83,3.87,
2024-07-01,3.55,3.67,3.81,3.88,
2024-06-28,3.52,3.64,3.79,3.86,
2024-06-27,3.53,3.65,3.8,3.87,
2024-06-26,3.53,3.64,3.79,3.86,
2024-06-25,3.53,3.64,3.78,3.86,
2024-06-24,3.53,3.64,3.78,3.86,
2024-06-21,3.53,3.64,3.78,3.86,
2024-06-20,3.53,3.64,3.79,3.86,
2024-06-19,3.53,3.65,3.79,3.86,
2024-06-18,3.55,3.66,3.8,3.88,
2024-06-17,3.54,3.65,3.79,3.86,
2024-06-14,3.54,3.65,3.79,3.86,
2024-06-13,3.55,3.65,3.8,3.86,
2024-06-12,3.54,3.65,3.8,3.86,
2024-06-11,3.56,3.66,3.8,3.87,
2024-06-10,3.56,3.66,3.82,3.87,
2024-06-07,3.56,3.64,3.81,3.86,
2024-06-06,3.55,3.65,3.82,3.87,
2024-06-05,3.56,3.66,3.82,3.87,
2024-06-04,3.58,3.67,3.83,3.88,
2024-06-03,3.58,3.69,3.85,3.89,
2024-05-31,3.58,3.69,3.85,3.89,
2024-05-30,3.58,3.69,3.86,3.9,
2024-05-29,3.58,3.68,3.86,3.9,
2024-05-28,3.57,3.66,3.83,3.9,
2024-05-27,3.57,3.69,3.83,3.9,
2024-05-24,3.58,3.69,3.84,3.91,
2024-05-23,3.58,3.7,3.84,3.89,
2024-05-22,3.57,3.68,3.8,3.88,
2024-05-21,3.57,3.68,3.8,3.88,
2024-05-20,3.54,3.67,3.81,3.87,
2024-05-17,3.54,3.68,3.78,3.86,
2024-05-16,3.57,3.67,3.79,3.85,
2024-05-15,3.57,3.71,3.8,3.89,
2024-05-14,3.59,3.73,3.83,3.91,
2024-05-13,3.61,3.74,3.84,3.92,
2024-05-10,3.6,3.75,3.84,3.92,
2024-05-09,3.62,3.75,3.85,3.93,
2024-05-08,3.59,3.73,3.84,3.91,
2024-05-07,3.59,3.74,3.82,3.91,
2024-05-06,3.58,3.72,3.83,3.91,
2024-05-03,3.59,3.76,3.87,3.94,
2024-05-02,3.6,3.82,3.9,3.96,
2024-05-01,3.61,3.78,3.89,3.97,
2024-04-30,3.61,3.78,3.89,3.97,
2024-04-29,3.61,3.78,3.91,3.98,
2024-04-26,3.62,3.82,3.9,4.0,
2024-04-25,3.62,3.8,3.9,3.99,
2024-04-24,3.6,3.77,3.88,3.98,
2024-04-23,3.58,3.76,3.88,3.96,
2024-04-22,3.59,3.76,3.89,3.96,
2024-04-19,3.61,3.73,3.89,3.96,
2024-04-18,3.6,3.76,3.87,3.96,
2024-04-17,3.61,3.78,3.88,3.98,
2024-04-16,3.6,3.76,3.88,3.95,
2024-04-15,3.55,3.72,3.85,3.92,
2024-04-12,3.51,3.65,3.84,3.91,
2024-04-11,3.51,3.7,3.81,3.89,
2024-04-10,3.51,3.7,3.81,3.89,
2024-04-09,3.51,3.7,3.81,3.89,
2024-04-08,3.52,3.71,3.83,3.9,
2024-04-05,3.52,3.68,3.8,3.87,
2024-04-04,3.5,3.68,3.8,3.87,
2024-04-03,3.52,3.69,3.81,3.87,
2024-04-02,3.5,3.68,3.79,3.87,
2024-04-01,3.49,3.67,3.78,3.85,
2024-03-29,3.5,3.59,3.77,3.85,
2024-03-28,3.49,3.58,3.77,3.85,
2024-03-27,3.49,3.58,3.77,3.85,
2024-03-26,3.48,3.58,3.76,3.85,
2024-03-25,3.48,3.57,3.76,3.85,
2024-03-22,3.48,3.58,3.76,3.85,
2024-03-21,3.47,3.56,3.75,3.85,
2024-03-20,3.48,3.58,3.76,3.88,
2024-03-19,3.48,3.58,3.76,3.89,
2024-03-18,3.43,3.55,3.77,3.87,
2024-03-15,3.46,3.59,3.76,3.87,
2024-03-14,3.46,3.56,3.77,3.85,
2024-03-13,3.43,3.56,3.74,3.84,
2024-03-12,3.44,3.55,3.74,3.82,
2024-03-11,3.44,3.55,3.73,3.81,
2024-03-08,3.45,3.55,3.73,3.82,
2024-03-07,3.45,3.55,3.75,3.84,
2024-03-06,3.46,3.56,3.76,3.84,
2024-03-05,3.48,3.57,3.78,3.85,
2024-03-04,3.48,3.56,3.77,3.84,
2024-03-01,3.5,3.55,3.79,3.85,
2024-02-29,3.49,3.58,3.78,3.86,
2024-02-28,3.5,3.58,3.79,3.88,
2024-02-27,3.49,3.6,3.79,3.87,
2024-02-26,3.43,3.59,3.8,3.87,
2024-02-23,3.49,3.59,3.83,3.9,
2024-02-22,3.49,3.59,3.82,3.86,
2024-02-21,3.44,3.58,3.81,3.87,
2024-02-20,3.4,3.55,3.79,3.86,
2024-02-19,3.39,3.54,3.77,3.85,
2024-02-16,3.39,3.55,3.77,3.85,
2024-02-15,3.4,3.54,3.77,3.82,
2024-02-14,3.4,3.55,3.79,3.85,
2024-02-13,3.38,3.55,3.77,3.82,
2024-02-12,3.38,3.54,3.77,3.81,
2024-02-09,3.38,3.54,3.77,3.81,
2024-02-08,3.41,3.54,3.77,3.81,
2024-02-07,3.39,3.53,3.76,3.8,
2024-02-06,3.41,3.54,3.77,3.81,
2024-02-05,3.41,3.57,3.72,3.82,
2024-02-02,3.39,3.51,3.67,3.76,
2024-02-01,3.35,3.55,3.72,3.79,
2024-01-31,3.35,3.55,3.72,3.79,
2024-01-30,3.39,3.53,3.71,3.88,
2024-01-29,3.38,3.53,3.74,3.79,
2024-01-26,3.39,3.55,3.77,3.8,
2024-01-25,3.4,3.56,3.74,3.8,
2024-01-24,3.4,3.56,3.74,3.8,
2024-01-23,3.39,3.57,3.73,3.81,
2024-01-22,3.41,3.57,3.74,3.8,
2024-01-19,3.48,3.57,3.76,3.82,
2024-01-18,3.48,3.6,3.77,3.84,
2024-01-17,3.44,3.61,3.77,3.87,
2024-01-16,3.38,3.59,3.72,3.82,
2024-01-15,3.39,3.57,3.72,3.81,
2024-01-12,3.41,3.54,3.74,3.8,
2024-01-11,3.41,3.55,3.75,3.81,
2024-01-10,3.42,3.57,3.75,3.8,
2024-01-09,3.43,3.61,3.78,3.81,
2024-01-08,3.47,3.62,3.77,3.84,
2024-01-05,3.49,3.62,3.81,3.88,
2024-01-04,3.48,3.61,3.79,3.85,
2024-01-03,3.49,3.63,3.74,3.79,
2024-01-02,3.47,3.59,3.74,3.75,
2024-01-01,3.49,3.58,3.71,3.74,
2023-12-29,3.49,3.58,3.71,3.74,
2023-12-28,3.47,3.59,3.71,3.74,
2023-12-27,3.47,3.58,3.71,3.72,
2023-12-26,3.43,3.58,3.73,3.74,
2023-12-25,3.43,3.57,3.73,3.73,
2023-12-22,3.43,3.57,3.73,3.73,
2023-12-21,3.48,3.55,3.72,3.73,
2023-12-20,3.48,3.57,3.7,3.73,
2023-12-19,3.47,3.57,3.76,3.73,
2023-12-18,3.48,3.54,3.73,3.73,
2023-12-15,3.48,3.55,3.73,3.75,
2023-12-14,3.52,3.55,3.7,3.7,
2023-12-13,3.51,3.64,3.78,3.85,
2023-12-12,3.5,3.63,3.78,3.75,
2023-12-11,3.51,3.61,3.76,3.75,
2023-12-08,3.49,3.57,3.73,3.73,
2023-12-07,3.47,3.57,3.73,3.73,
2023-12-06,3.44,3.55,3.76,3.73,
2023-12-05,3.46,3.65,3.78,3.78,
2023-12-04,3.46,3.6,3.79,3.82,
2023-12-01,3.46,3.63,3.82,3.82,
2023-11-30,3.47,3.61,3.82,3.81,
2023-11-29,3.49,3.63,3.83,3.83,
2023-11-28,3.5,3.66,3.88,3.84,
2023-11-27,3.54,3.67,3.92,3.87,
2023-11-24,3.5,3.64,3.87,3.8,
2023-11-23,3.5,3.63,3.87,3.8,
2023-11-22,3.5,3.63,3.87,3.85,
2023-11-21,3.51,3.63,3.85,3.86,
2023-11-20,3.53,3.63,3.87,3.86,
2023-11-17,3.5,3.62,3.85,3.84,
2023-11-16,3.52,3.61,3.86,3.85,
2023-11-15,3.53,3.61,3.87,3.84,
2023-11-14,3.55,3.65,3.89,3.9,
2023-11-13,3.48,3.65,3.85,3.88,
2023-11-10,3.48,3.65,3.85,3.88,
2023-11-09,3.48,3.65,3.86,3.86,
2023-11-08,3.5,3.68,3.89,3.87,
2023-11-07,3.53,3.67,3.89,3.87,
2023-11-06,3.52,3.69,3.88,3.88,
2023-11-03,3.61,3.79,3.96,3.96,
2023-11-02,3.61,3.79,3.98,3.98,
2023-11-01,3.67,3.88,4.07,4.07,
2023-10-31,3.65,3.86,4.06,4.11,
2023-10-30,3.67,3.9,4.09,4.1,
2023-10-27,3.71,3.89,4.12,4.11,
2023-10-26,3.69,3.91,4.13,4.15,
2023-10-25,3.67,3.85,4.13,4.13,
2023-10-24,3.69,3.84,4.11,4.12,
2023-10-23,3.71,3.81,4.16,4.15,
2023-10-20,3.67,3.81,4.09,4.12,
2023-10-19,3.69,3.78,4.05,4.12,
2023-10-18,3.63,3.76,4.0,4.09,
2023-10-17,3.68,3.75,3.95,4.04,
2023-10-16,3.63,3.74,3.95,4.04,
2023-10-13,3.62,3.73,3.93,4.03,
2023-10-12,3.62,3.73,3.93,4.03,
2023-10-11,3.64,3.73,3.95,4.01,
2023-10-10,3.67,3.8,4.01,4.07,
2023-10-09,3.68,3.8,4.01,4.06,
2023-10-06,3.67,3.81,4.01,4.05,
2023-10-05,3.67,3.85,4.03,4.1,
2023-10-04,3.72,3.83,4.02,4.12,
2023-10-03,3.62,3.76,3.93,4.01,
2023-10-02,3.56,3.72,3.88,3.97,
2023-09-29,3.55,3.68,3.89,3.97,
2023-09-28,3.53,3.69,3.88,3.98,
2023-09-27,3.53,3.69,3.88,3.98,
2023-09-26,3.58,3.76,3.86,3.98,
2023-09-25,3.57,3.7,3.86,3.99,
2023-09-22,3.57,3.7,3.89,4.01,
2023-09-21,3.58,3.71,3.85,3.98,
2023-09-20,3.55,3.69,3.83,3.94,
2023-09-19,3.52,3.67,3.8,3.9,
2023-09-18,3.52,3.67,3.81,3.87,
2023-09-15,3.5,3.64,3.78,3.9,
2023-09-14,3.5,3.64,3.78,3.88,
2023-09-13,3.5,3.65,3.78,3.9,
2023-09-12,3.51,3.61,3.78,3.88,
2023-09-11,3.48,3.62,3.76,3.87,
2023-09-08,3.47,3.59,3.73,3.85,
2023-09-07,3.47,3.63,3.74,3.86,
2023-09-06,3.47,3.61,3.75,3.86,
2023-09-05,3.48,3.6,3.73,3.84,
2023-09-04,3.48,3.6,3.73,3.84,
2023-09-01,3.47,3.58,3.74,3.83,
2023-08-31,3.45,3.59,3.74,3.84,
2023-08-30,3.45,3.59,3.74,3.84,
2023-08-29,3.46,3.59,3.77,3.83,
2023-08-28,3.46,3.6,3.77,3.85,
2023-08-25,3.46,3.6,3.77,3.86,
2023-08-24,3.46,3.6,3.77,3.85,
2023-08-23,3.47,3.61,3.75,3.85,
2023-08-22,3.47,3.64,3.76,3.86,
2023-08-21,3.48,3.64,3.76,3.88,
2023-08-18,3.48,3.65,3.76,3.87,
2023-08-17,3.51,3.66,3.78,3.88,
2023-08-16,3.5,3.65,3.76,3.86,
2023-08-15,3.49,3.65,3.8,3.86,
2023-08-14,3.49,3.64,3.76,3.87,
2023-08-11,3.48,3.6,3.76,3.84,
2023-08-10,3.46,3.59,3.73,3.83,
2023-08-09,3.47,3.61,3.74,3.84,
2023-08-08,3.48,3.6,3.76,3.86,
2023-08-07,3.48,3.59,3.78,3.86,
2023-08-04,3.49,3.6,3.78,3.87,
2023-08-03,3.48,3.61,3.77,3.87,
2023-08-02,3.5,3.6,3.76,3.84,
2023-08-01,3.49,3.6,3.77,3.84,
2023-07-31,3.49,3.6,3.76,3.84,
2023-07-28,3.5,3.62,3.76,3.83,
2023-07-27,3.41,3.56,3.72,3.8,
2023-07-26,3.43,3.59,3.76,3.81,
2023-07-25,3.41,3.58,3.75,3.82,
2023-07-24,3.39,3.58,3.73,3.8,
2023-07-21,3.39,3.58,3.74,3.83,
2023-07-20,3.37,3.55,3.75,3.81,
2023-07-19,3.38,3.55,3.7,3.81,
2023-07-18,3.38,3.55,3.7,3.81,
2023-07-17,3.36,3.56,3.71,3.81,
2023-07-14,3.36,3.53,3.68,3.81,
2023-07-13,3.41,3.58,3.7,3.8,
2023-07-12,3.43,3.59,3.73,3.86,
2023-07-11,3.49,3.61,3.78,3.88,
2023-07-10,3.48,3.66,3.79,3.9,
2023-07-07,3.55,3.68,3.79,3.9,
2023-07-06,3.5,3.7,3.78,3.89,
2023-07-05,3.54,3.68,3.81,3.89,
2023-07-04,3.52,3.62,3.78,3.87,
2023-07-03,3.49,3.64,3.74,3.86,
2023-06-30,3.5,3.6,3.73,3.85,
2023-06-29,3.46,3.58,3.68,3.82,
2023-06-28,3.46,3.58,3.68,3.82,
2023-06-27,3.47,3.59,3.68,3.82,
2023-06-26,3.47,3.59,3.73,3.84,
2023-06-23,3.48,3.61,3.73,3.82,
2023-06-22,3.47,3.58,3.73,3.81,
2023-06-21,3.48,3.56,3.71,3.78,
2023-06-20,3.46,3.56,3.69,3.76,
2023-06-19,3.46,3.53,3.67,3.76,
2023-06-16,3.44,3.53,3.67,3.75,
2023-06-15,3.46,3.54,3.68,3.73,
2023-06-14,3.46,3.5,3.64,3.71,
2023-06-13,3.46,3.52,3.64,3.72,
2023-06-12,3.46,3.53,3.61,3.73,
2023-06-09,3.45,3.53,3.64,3.72,
2023-06-08,3.43,3.54,3.64,3.75,
2023-06-07,3.42,3.51,3.59,3.7,
2023-06-06,3.4,3.48,3.59,3.67,
2023-06-05,3.4,3.47,3.59,3.69,
2023-06-02,3.4,3.47,3.59,3.69,
2023-06-01,3.4,3.48,3.61,3.71,
2023-05-31,3.4,3.47,3.61,3.7,
2023-05-30,3.41,3.47,3.64,3.74,
2023-05-29,3.42,3.48,3.69,3.75,
2023-05-26,3.45,3.47,3.68,3.76,
2023-05-25,3.43,3.52,3.71,3.81,
2023-05-24,3.42,3.51,3.7,3.76,
2023-05-23,3.42,3.53,3.73,3.8,
2023-05-22,3.4,3.49,3.67,3.75,
2023-05-19,3.42,3.49,3.69,3.76,
2023-05-18,3.42,3.48,3.69,3.69,
2023-05-17,3.41,3.51,3.64,3.68,
2023-05-16,3.39,3.46,3.61,3.65,
2023-05-15,3.39,3.45,3.61,3.65,
2023-05-12,3.37,3.45,3.59,3.64,
2023-05-11,3.36,3.46,3.62,3.69,
2023-05-10,3.37,3.47,3.61,3.72,
2023-05-09,3.35,3.44,3.63,3.7,
2023-05-08,3.35,3.44,3.63,3.69,
2023-05-05,3.34,3.45,3.61,3.71,
2023-05-04,3.32,3.46,3.63,3.7,
2023-05-03,3.32,3.46,3.63,3.7,
2023-05-02,3.31,3.44,3.64,3.74,
2023-05-01,3.31,3.43,3.64,3.73,
2023-04-28,3.31,3.43,3.64,3.73,
2023-04-27,3.33,3.43,3.65,3.74,
2023-04-26,3.33,3.43,3.64,3.72,
2023-04-25,3.32,3.41,3.65,3.76,
2023-04-24,3.33,3.48,3.7,3.82,
2023-04-21,3.33,3.48,3.7,3.82,
2023-04-20,3.33,3.48,3.7,3.82,
2023-04-19,3.33,3.52,3.72,3.87,
2023-04-18,3.31,3.51,3.73,3.89,
2023-04-17,3.34,3.52,3.71,3.86,
2023-04-14,3.32,3.47,3.71,3.83,
2023-04-13,3.32,3.51,3.69,3.82,
2023-04-12,3.35,3.53,3.73,3.86,
2023-04-11,3.36,3.52,3.69,3.87,
2023-04-10,3.34,3.5,3.71,3.84,
2023-04-07,3.35,3.5,3.7,3.87,
2023-04-06,3.37,3.5,3.69,3.85,
2023-04-05,3.4,3.5,3.69,3.89,
2023-04-04,3.4,3.54,3.76,3.9,
2023-04-03,3.4,3.54,3.79,3.93,
2023-03-31,3.38,3.55,3.74,3.91,
2023-03-30,3.35,3.52,3.81,3.93,
2023-03-29,3.35,3.53,3.81,3.9,
2023-03-28,3.33,3.49,3.77,3.89,
2023-03-27,3.34,3.48,3.76,3.88,
2023-03-24,3.34,3.49,3.75,3.87,
2023-03-23,3.37,3.5,3.79,3.88,
2023-03-22,3.41,3.51,3.81,3.93,
2023-03-21,3.42,3.53,3.81,3.95,
2023-03-20,3.39,3.51,3.81,3.93,
2023-03-17,3.44,3.57,3.83,3.94,
2023-03-16,3.44,3.56,3.81,3.91,
2023-03-15,3.44,3.5,3.81,3.88,
2023-03-14,3.4,3.46,3.77,3.85,
2023-03-13,3.43,3.52,3.77,3.89,
2023-03-10,3.47,3.57,3.82,3.94,
2023-03-09,3.53,3.65,3.9,4.02,
2023-03-08,3.57,3.71,3.94,4.04,
2023-03-07,3.53,3.66,3.9,4.02,
2023-03-06,3.53,3.68,3.9,4.05,
2023-03-03,3.5,3.72,3.9,4.05,
2023-03-02,3.5,3.69,3.86,4.01,
2023-03-01,3.5,3.65,3.8,3.92,
2023-02-28,3.52,3.67,3.79,3.91,
2023-02-27,3.51,3.65,3.8,3.95,
2023-02-24,3.48,3.63,3.77,3.93,
2023-02-23,3.49,3.61,3.78,3.92,
2023-02-22,3.49,3.65,3.79,3.91,
2023-02-21,3.46,3.6,3.77,3.89,
2023-02-20,3.43,3.59,3.75,3.88,
2023-02-17,3.4,3.62,3.78,3.92,
2023-02-16,3.44,3.57,3.73,3.92,
2023-02-15,3.47,3.63,3.79,3.9,
2023-02-14,3.43,3.59,3.8,3.88,
2023-02-13,3.43,3.62,3.8,3.9,
2023-02-10,3.35,3.57,3.74,3.78,
2023-02-09,3.37,3.54,3.69,3.79,
2023-02-08,3.36,3.47,3.69,3.81,
2023-02-07,3.37,3.56,3.68,3.79,
2023-02-06,3.33,3.45,3.63,3.76,
2023-02-03,3.33,3.45,3.63,3.76,
2023-02-02,3.4,3.44,3.63,3.76,
2023-02-01,3.39,3.55,3.69,3.8,
2023-01-31,3.39,3.55,3.69,3.8,
2023-01-30,3.36,3.57,3.63,3.77,
2023-01-27,3.37,3.53,3.64,3.79,
2023-01-26,3.34,3.51,3.66,3.73,
2023-01-25,3.32,3.49,3.71,3.73,
2023-01-24,3.31,3.42,3.67,3.72,
2023-01-23,3.31,3.42,3.67,3.72,
2023-01-20,3.31,3.42,3.67,3.72,
2023-01-19,3.33,3.52,3.69,3.72,
2023-01-18,3.49,3.7,3.92,3.93,
2023-01-17,3.53,3.79,3.96,3.97,
2023-01-16,3.54,3.8,3.98,3.96,
2023-01-13,3.53,3.77,3.94,3.94,
2023-01-12,3.54,3.79,3.96,3.97,
2023-01-11,3.54,3.8,3.97,3.96,
2023-01-10,3.51,3.78,3.98,3.94,
2023-01-09,3.53,3.75,3.95,3.96,
2023-01-06,3.59,3.82,4.0,4.02,
2023-01-05,3.62,3.79,3.96,4.02,
2023-01-04,3.6,3.74,3.94,3.99,
2023-01-03,3.59,3.77,3.96,4.01,
2023-01-02,3.67,3.84,4.03,4.07,
2022-12-30,3.67,3.84,4.03,4.07,
2022-12-29,3.66,3.85,4.0,4.08,
2022-12-28,3.64,3.85,4.0,4.11,
2022-12-27,3.64,3.82,3.97,4.07,
2022-12-26,3.64,3.82,3.97,4.07,
2022-12-23,3.64,3.82,3.97,4.07,
2022-12-22,3.67,3.82,3.99,4.05,
2022-12-21,3.69,3.84,3.99,4.06,
2022-12-20,3.67,3.84,3.97,4.05,
2022-12-19,3.69,3.75,3.97,3.98,
2022-12-16,3.67,3.75,3.97,4.0,
2022-12-15,3.69,3.76,3.96,4.01,
2022-12-14,3.69,3.82,3.98,4.06,
2022-12-13,3.7,3.86,4.04,4.12,
2022-12-12,3.73,3.85,4.02,4.09,
2022-12-09,3.65,3.88,3.98,4.06,
2022-12-08,3.64,3.83,3.99,4.06,
2022-12-07,3.64,3.87,4.0,4.06,
2022-12-06,3.61,3.87,3.95,4.04,
2022-12-05,3.65,3.87,3.97,4.04,
2022-12-02,3.67,3.89,3.97,4.02,
2022-12-01,3.72,3.99,3.95,4.04,
2022-11-30,3.81,3.93,4.07,4.11,
2022-11-29,3.81,4.0,4.13,4.13,
2022-11-28,3.82,3.97,4.08,4.1,
2022-11-25,3.82,3.97,4.08,4.1,
2022-11-24,3.86,3.98,4.09,4.13,
2022-11-23,3.91,4.19,4.25,4.38,
2022-11-22,3.91,4.29,4.32,4.38,
2022-11-21,3.96,4.29,4.32,4.34,
2022-11-18,3.81,4.17,4.24,4.26,
2022-11-17,3.81,4.17,4.24,4.26,
2022-11-16,3.8,4.15,4.22,4.31,
2022-11-15,3.8,4.19,4.29,4.34,
2022-11-14,3.88,4.25,4.32,4.39,
2022-11-11,3.92,4.24,4.3,4.4,
2022-11-10,3.93,4.28,4.43,4.49,
2022-11-09,3.95,4.31,4.45,4.49,
2022-11-08,3.99,4.29,4.45,4.51,
2022-11-07,3.95,4.27,4.4,4.45,
2022-11-04,3.87,4.21,4.34,4.35,
2022-11-03,3.76,4.14,4.25,4.35,
2022-11-02,3.76,4.06,4.25,4.29,
2022-11-01,3.81,4.14,4.27,4.31,
2022-10-31,3.79,4.17,4.26,4.37,
2022-10-28,3.82,4.13,4.28,4.33,
2022-10-27,3.85,4.14,4.26,4.33,
2022-10-26,3.87,4.2,4.3,4.39,
2022-10-25,3.93,4.27,4.36,4.52,
2022-10-24,3.93,4.32,4.4,4.57,
2022-10-21,3.93,4.32,4.4,4.57,
2022-10-20,3.93,4.3,4.4,4.5,
2022-10-19,3.94,4.25,4.37,4.45,
2022-10-18,3.9,4.25,4.31,4.46,
2022-10-17,3.94,4.25,4.33,4.48,
2022-10-14,3.93,4.25,4.36,4.46,
2022-10-13,3.92,4.21,4.27,4.45,
2022-10-12,3.9,4.23,4.28,4.43,
2022-10-11,3.88,4.25,4.28,4.43,
2022-10-10,3.86,4.15,4.28,4.33,
2022-10-07,3.86,4.15,4.28,4.33,
2022-10-06,3.82,4.09,4.18,4.38,
2022-10-05,3.8,4.05,4.17,4.32,
2022-10-04,3.8,4.03,4.17,4.34,
2022-10-03,3.8,4.1,4.24,4.45,
2022-09-30,3.77,4.04,4.22,4.41,
2022-09-29,3.77,4.06,4.37,4.43,
2022-09-28,3.82,4.2,4.41,4.42,
2022-09-27,3.77,4.17,4.37,4.34,
2022-09-26,3.74,4.16,4.41,4.34,
2022-09-23,3.66,4.1,4.3,4.27,
2022-09-22,3.56,4.04,4.22,4.24,
2022-09-21,3.53,3.96,4.07,4.2,
2022-09-20,3.45,3.92,4.1,4.18,
2022-09-19,3.31,3.9,4.06,4.2,
2022-09-16,3.36,3.84,4.04,4.13,
2022-09-15,3.36,3.84,4.04,4.13,
2022-09-14,3.38,3.77,3.98,4.11,
2022-09-13,3.36,3.76,3.91,4.02,
2022-09-12,3.33,3.76,3.91,4.06,
2022-09-09,3.34,3.75,3.91,4.03,
2022-09-08,3.35,3.78,3.96,4.05,
2022-09-07,3.39,3.84,3.98,4.11,
2022-09-06,3.34,3.79,3.93,4.03,
2022-09-05,3.34,3.77,3.9,4.03,
2022-09-02,3.33,3.76,3.9,4.03,
2022-09-01,3.3,3.72,3.92,4.0,
2022-08-31,3.34,3.72,3.88,3.98,
2022-08-30,3.34,3.72,3.88,3.98,
2022-08-29,3.29,3.77,3.95,4.02,
2022-08-26,3.31,3.69,3.85,3.96,
2022-08-25,3.35,3.69,3.89,3.96,
2022-08-24,3.36,3.7,3.89,3.98,
2022-08-23,3.37,3.69,3.9,3.99,
2022-08-22,3.39,3.7,3.91,3.98,
2022-08-19,3.37,3.7,3.89,3.96,
2022-08-18,3.45,3.73,3.9,3.96,
2022-08-17,3.49,3.73,3.9,3.96,
2022-08-16,3.47,3.73,3.9,3.95,
2022-08-15,3.47,3.75,3.92,3.94,
2022-08-12,3.5,3.75,3.92,3.98,
2022-08-11,3.48,3.77,3.91,3.95,
2022-08-10,3.5,3.78,3.88,3.97,
2022-08-09,3.51,3.78,3.92,3.94,
2022-08-08,3.54,3.78,3.91,3.96,
2022-08-05,3.48,3.79,3.93,3.93,
2022-08-04,3.5,3.8,3.93,3.95,
2022-08-03,3.52,3.74,3.93,3.95,
2022-08-02,3.49,3.71,3.83,3.89,
2022-08-01,3.51,3.72,3.87,3.9,
2022-07-29,3.5,3.71,3.84,3.88,
2022-07-28,3.5,3.7,3.89,3.94,
2022-07-27,3.5,3.75,3.95,3.97,
2022-07-26,3.51,3.72,3.93,3.93,
2022-07-25,3.51,3.74,3.94,3.96,
2022-07-22,3.55,3.73,3.97,4.01,
2022-07-21,3.55,3.74,3.99,4.03,
2022-07-20,3.54,3.73,3.99,4.06,
2022-07-19,3.52,3.74,3.96,4.05,
2022-07-18,3.5,3.71,3.96,3.99,
2022-07-15,3.48,3.77,3.99,4.06,
2022-07-14,3.48,3.75,3.99,4.07,
2022-07-13,3.46,3.72,3.99,4.04,
2022-07-12,3.45,3.78,4.0,4.07,
2022-07-11,3.47,3.82,4.06,4.14,
2022-07-08,3.47,3.82,4.06,4.14,
2022-07-07,3.47,3.84,4.04,4.16,
2022-07-06,3.46,3.81,4.03,4.13,
2022-07-05,3.51,3.92,4.16,4.2,
2022-07-04,3.48,3.89,4.13,4.23,
2022-07-01,3.47,3.89,4.16,4.22,
2022-06-30,3.51,3.96,4.21,4.26,
2022-06-29,3.47,3.96,4.23,4.25,
2022-06-28,3.49,3.92,4.16,4.24,
2022-06-27,3.47,3.91,4.1,4.24,
2022-06-24,3.49,3.86,4.12,4.21,
2022-06-23,3.48,3.84,4.14,4.2,
2022-06-22,3.49,3.9,4.22,4.29,
2022-06-21,3.53,3.99,4.28,4.32,
2022-06-20,3.59,4.04,4.28,4.34,
2022-06-17,3.59,3.92,4.31,4.34,
2022-06-16,3.56,3.88,4.33,4.36,
2022-06-15,3.57,3.92,4.31,4.33,
2022-06-14,3.58,3.97,4.41,4.39,
2022-06-13,3.57,4.0,4.3,4.4,
2022-06-10,3.47,3.75,4.11,4.24,
2022-06-09,3.45,3.76,4.13,4.22,
2022-06-08,3.46,3.73,4.13,4.21,
2022-06-07,3.44,3.74,4.15,4.27,
2022-06-06,3.44,3.73,4.1,4.21,
2022-06-03,3.44,3.73,4.1,4.21,
2022-06-02,3.48,3.75,4.13,4.23,
2022-06-01,3.48,3.75,4.08,4.21,
2022-05-31,3.46,3.74,4.04,4.17,
2022-05-30,3.43,3.67,3.94,4.13,
2022-05-27,3.48,3.75,3.94,4.14,
2022-05-26,3.48,3.66,3.96,4.12,
2022-05-25,3.47,3.68,3.99,4.13,
2022-05-24,3.5,3.77,4.07,4.22,
2022-05-23,3.49,3.73,4.17,4.24,
2022-05-20,3.54,3.79,4.27,4.32,
2022-05-19,3.61,3.86,4.32,4.4,
2022-05-18,3.67,4.01,4.43,4.38,
2022-05-17,3.69,3.99,4.44,4.45,
2022-05-16,3.64,3.95,4.45,4.45,
2022-05-13,3.64,3.95,4.45,4.45,
2022-05-12,3.75,4.03,4.43,4.45,
2022-05-11,3.78,4.11,4.51,4.44,
2022-05-10,3.71,4.09,4.47,4.36,
2022-05-09,3.81,4.14,4.64,4.34,
2022-05-06,3.81,4.09,4.63,4.38,
2022-05-05,3.5,3.96,4.48,4.32,
2022-05-04,3.49,3.89,4.43,4.38,
2022-05-03,3.49,3.89,4.43,4.38,
2022-05-02,3.49,3.89,4.43,4.38,
2022-04-29,3.49,3.89,4.43,4.38,
2022-04-28,3.58,3.91,4.33,4.44,
2022-04-27,3.59,3.89,4.37,4.29,
2022-04-26,3.6,3.94,4.39,4.25,
2022-04-25,3.57,3.88,4.26,4.25,
2022-04-22,3.53,3.83,4.26,4.18,
2022-04-21,3.41,3.74,4.16,4.13,
2022-04-20,3.41,3.7,4.1,4.2,
2022-04-19,3.4,3.61,4.03,4.13,
2022-04-18,3.4,3.61,4.03,4.13,
2022-04-15,3.34,3.57,3.95,4.09,
2022-04-14,3.3,3.51,3.92,4.05,
2022-04-13,3.3,3.58,3.94,4.06,
2022-04-12,3.27,3.6,3.96,4.09,
2022-04-11,3.27,3.53,3.92,3.99,
2022-04-08,3.2,3.47,3.87,4.0,
2022-04-07,3.2,3.42,3.83,4.03,
2022-04-06,3.22,3.49,3.86,4.03,
2022-04-05,3.19,3.46,3.81,3.94,
2022-04-04,3.21,3.43,3.78,3.93,
2022-04-01,3.18,3.42,3.76,3.9,
2022-03-31,3.19,3.4,3.76,3.85,
2022-03-30,2.87,3.51,3.82,3.9,
2022-03-29,2.87,3.53,3.86,3.94,
2022-03-28,2.84,3.59,3.88,3.96,
2022-03-25,2.73,3.43,3.72,3.87,
2022-03-24,2.77,3.4,3.69,3.82,
2022-03-23,2.75,3.39,3.67,3.76,
2022-03-22,2.72,3.38,3.61,3.74,
2022-03-21,2.7,3.3,3.56,3.7,
2022-03-18,2.67,3.3,3.55,3.69,
2022-03-17,2.68,3.31,3.55,3.7,
2022-03-16,2.66,3.3,3.55,3.68,
2022-03-15,2.68,3.31,3.54,3.69,
2022-03-14,2.68,3.31,3.54,3.68,
2022-03-11,2.65,3.27,3.54,3.67,
2022-03-10,2.65,3.27,3.54,3.67,
2022-03-09,2.68,3.28,3.54,3.67,
2022-03-08,2.7,3.29,3.52,3.67,
2022-03-07,2.75,3.29,3.53,3.64,
2022-03-04,2.73,3.27,3.51,3.65,
2022-03-03,2.7,3.27,3.51,3.67,
2022-03-02,2.7,3.25,3.51,3.66,
2022-03-01,2.71,3.28,3.54,3.67,
2022-02-28,2.71,3.29,3.59,3.67,
2022-02-25,2.69,3.29,3.57,3.67,
2022-02-24,2.7,3.29,3.58,3.66,
2022-02-23,2.7,3.28,3.59,3.66,
2022-02-22,2.7,3.28,3.59,3.66,
2022-02-21,2.72,3.31,3.57,3.66,
2022-02-18,2.72,3.29,3.58,3.65,
2022-02-17,2.72,3.29,3.58,3.65,
2022-02-16,2.75,3.31,3.57,3.67,
2022-02-15,2.79,3.32,3.59,3.7,
2022-02-14,2.81,3.3,3.59,3.7,
2022-02-11,2.83,3.32,3.61,3.7,
2022-02-10,2.85,3.3,3.56,3.68,
2022-02-09,2.85,3.35,3.58,3.7,
2022-02-08,2.83,3.33,3.57,3.71,
2022-02-07,2.84,3.34,3.54,3.72,
2022-02-04,2.83,3.27,3.5,3.66,
2022-02-03,2.8,3.24,3.5,3.66,
2022-02-02,2.81,3.26,3.52,3.68,
2022-02-01,2.81,3.26,3.52,3.68,
2022-01-31,2.81,3.26,3.52,3.68,
2022-01-28,2.84,3.3,3.53,3.68,
2022-01-27,2.83,3.3,3.51,3.7,
2022-01-26,2.79,3.27,3.48,3.67,
2022-01-25,2.82,3.29,3.49,3.69,
2022-01-24,2.8,3.28,3.48,3.69,
2022-01-21,2.8,3.27,3.49,3.67,
2022-01-20,2.83,3.29,3.5,3.68,
2022-01-19,2.85,3.29,3.51,3.71,
2022-01-18,2.79,3.24,3.43,3.61,
2022-01-17,2.79,3.24,3.43,3.61,
2022-01-14,2.79,3.21,3.43,3.59,
2022-01-13,2.8,3.21,3.4,3.64,
2022-01-12,2.8,3.21,3.43,3.65,
2022-01-11,2.81,3.24,3.45,3.66,4.25
2022-01-10,2.83,3.27,3.43,3.68,4.25
2022-01-07,2.84,3.25,3.46,3.65,4.25
2022-01-06,2.82,3.28,3.45,3.66,4.25
2022-01-05,2.83,3.21,3.44,3.62,4.25
2022-01-04,2.84,3.21,3.43,3.62,4.25
2022-01-03,2.8,3.17,3.4,3.59,4.25
