Date,O/N,30D,90D,180D
2026-09-01,,3.64586,3.64447,3.65858
2026-08-31,3.68,3.64518,3.64391,3.65853
2026-08-28,3.65,3.64553,3.64347,3.65933
2026-08-27,3.64,3.64586,3.64335,3.65955
2026-08-26,3.64,3.64586,3.64313,3.65977
2026-08-25,3.66,3.64519,3.64279,3.65983
2026-08-24,3.65,3.64485,3.64256,3.65994
2026-08-21,3.65,3.64319,3.6392,3.66017
2026-08-20,3.63,3.64252,3.63829,3.66034
2026-08-19,3.62,3.64085,3.63706,3.66056
2026-08-18,3.65,3.63884,3.63538,3.66068
2026-08-17,3.66,3.63649,3.6337,3.66107
2026-08-14,3.62,3.63617,3.63113,3.66204
2026-08-13,3.62,3.6365,3.63033,3.66226
2026-08-12,3.62,3.63583,3.62966,3.66248
2026-08-11,3.64,3.63283,3.6291,3.66254
2026-08-10,3.63,3.63014,3.62876,3.66265
2026-08-07,3.62,3.62347,3.6281,3.663
2026-08-06,3.65,3.62246,3.62753,3.66294
2026-08-05,3.64,3.62213,3.62708,3.66293
2026-08-04,3.66,3.62146,3.62652,3.66288
2026-08-03,3.65,3.62111,3.62619,3.66288
2026-07-31,3.66,3.61975,3.62541,3.66334
2026-07-30,3.65,3.62076,3.62529,3.6635
2026-07-29,3.65,3.61975,3.6254,3.66367
2026-07-28,3.65,3.61875,3.62518,3.66367
2026-07-27,3.64,3.61807,3.62518,3.66367
2026-07-24,3.64,3.61674,3.62586,3.66396
2026-07-23,3.64,3.61608,3.62607,3.66401
2026-07-22,3.62,3.61574,3.62641,3.66418
2026-07-21,3.61,3.61608,3.62675,3.66435
2026-07-20,3.57,3.61773,3.62742,3.66469
2026-07-17,3.59,3.62105,3.62922,3.66565
2026-07-16,3.62,3.62139,3.62955,3.66582
2026-07-15,3.64,3.62306,3.62989,3.66587
2026-07-14,3.63,3.62373,3.63089,3.66604
2026-07-13,3.6,3.62539,3.63157,3.66626
2026-07-10,3.55,3.63175,3.63382,3.66785
2026-07-09,3.53,3.63409,3.63471,3.66847
2026-07-08,3.58,3.63576,3.63459,3.66881
2026-07-07,3.62,3.63609,3.63426,3.66892
2026-07-06,3.63,3.63608,3.63415,3.66904
2026-07-02,3.64,3.63379,3.63494,3.67074
2026-07-01,3.66,3.63346,3.63493,3.67125
2026-06-30,3.68,3.63179,3.63459,3.67232
2026-06-29,3.62,3.63211,3.63527,3.67373
2026-06-26,3.62,3.63279,3.63561,3.67589
2026-06-25,3.64,3.63245,3.63549,3.67657
2026-06-24,3.62,3.63011,3.63583,3.67735
2026-06-23,3.62,3.62776,3.63605,3.67758
2026-06-22,3.61,3.62573,3.63627,3.67786
2026-06-18,3.62,3.61206,3.63629,3.67889
2026-06-17,3.63,3.60872,3.63617,3.67906
2026-06-16,3.63,3.60605,3.63606,3.67923
2026-06-15,3.69,3.60136,3.63561,3.67923
2026-06-12,3.65,3.59301,3.63618,3.68014
2026-06-11,3.6,3.59301,3.63674,3.68053
2026-06-10,3.59,3.59335,3.63741,3.68098
2026-06-09,3.6,3.59335,3.63786,3.68132
2026-06-08,3.63,3.59233,3.63797,3.68285
2026-06-05,3.63,3.58967,3.63865,3.68806
2026-06-04,3.62,3.58967,3.63898,3.68981
2026-06-03,3.61,3.59034,3.63954,3.69161
2026-06-02,3.63,3.59067,3.63999,3.69325
2026-06-01,3.65,3.59033,3.64055,3.69495
2026-05-29,3.63,3.59167,3.64257,3.70265
2026-05-28,3.62,3.59234,3.64324,3.70548
2026-05-27,3.63,3.59335,3.64369,3.70825
2026-05-26,3.63,3.59435,3.64413,3.71062
2026-05-22,3.55,3.60809,3.6492,3.72053
2026-05-21,3.51,3.6121,3.65087,3.72291
2026-05-20,3.5,3.61645,3.65278,3.72534
2026-05-19,3.51,3.62113,3.65524,3.7276
2026-05-18,3.53,3.62513,3.65726,3.72975
2026-05-15,3.55,3.63817,3.66096,3.73677
2026-05-14,3.56,3.64152,3.66207,3.73898
2026-05-13,3.59,3.64285,3.66274,3.74101
2026-05-12,3.6,3.64319,3.6633,3.74327
2026-05-11,3.6,3.64351,3.66386,3.74542
2026-05-08,3.6,3.64252,3.66511,3.75126
2026-05-07,3.6,3.64319,3.66555,3.75312
2026-05-06,3.61,3.64453,3.66599,3.75493
2026-05-05,3.62,3.64586,3.66633,3.75662
2026-05-04,3.63,3.64685,3.667,3.75821
2026-05-01,3.64,3.6485,3.66847,3.76631
2026-04-30,3.66,3.64917,3.66868,3.76947
2026-04-29,3.63,3.64917,3.66891,3.77281
2026-04-28,3.64,3.64883,3.66891,3.77507
2026-04-27,3.66,3.64782,3.66891,3.77852
2026-04-24,3.66,3.64583,3.66869,3.78895
2026-04-23,3.65,3.64516,3.66868,3.79228
2026-04-22,3.64,3.64449,3.66868,3.79567
2026-04-21,3.63,3.64415,3.66868,3.79913
2026-04-20,3.63,3.64381,3.6688,3.80241
2026-04-17,3.65,3.64081,3.6688,3.81159
2026-04-16,3.67,3.64014,3.66856,3.81447
2026-04-15,3.72,3.63947,3.66789,3.81707
2026-04-14,3.66,3.63914,3.66766,3.82069
2026-04-13,3.63,3.6398,3.66789,3.82443
2026-04-10,3.61,3.64349,3.6689,3.83383
2026-04-09,3.57,3.64583,3.66968,3.83711
2026-04-08,3.59,3.64783,3.67024,3.84027
2026-04-07,3.62,3.64883,3.67058,3.84316
2026-04-06,3.65,3.64882,3.67069,3.84582
2026-04-02,3.66,3.65021,3.67418,3.85721
2026-04-01,3.65,3.65221,3.67664,3.8602
2026-03-31,3.68,3.65221,3.67877,3.86315
2026-03-30,3.63,3.65387,3.67967,3.86638
2026-03-27,3.63,3.65823,3.68416,3.87567
2026-03-26,3.65,3.6589,3.68538,3.87855
2026-03-25,3.64,3.65957,3.68561,3.88149
2026-03-24,3.63,3.66057,3.68594,3.88461
2026-03-23,3.62,3.6619,3.68639,3.8875
2026-03-20,3.62,3.66859,3.68797,3.89622
2026-03-19,3.62,3.6716,3.68841,3.89916
2026-03-18,3.62,3.67294,3.68886,3.9021
2026-03-17,3.65,3.67326,3.6893,3.90488
2026-03-16,3.7,3.6719,3.68919,3.90873
2026-03-13,3.65,3.67223,3.69077,3.92216
2026-03-12,3.65,3.67223,3.69099,3.92652
2026-03-11,3.64,3.6719,3.69121,3.93093
2026-03-10,3.64,3.6719,3.69413,3.93529
2026-03-09,3.65,3.67155,3.69727,3.93948
2026-03-06,3.65,3.67123,3.70692,3.95235
2026-03-05,3.66,3.67223,3.70993,3.95665
2026-03-04,3.67,3.6729,3.71274,3.96089
2026-03-03,3.7,3.67223,3.71554,3.96491
2026-03-02,3.71,3.67122,3.7189,3.96877
2026-02-27,3.68,3.66889,3.73371,3.98027
2026-02-26,3.67,3.66856,3.73875,3.98406
2026-02-25,3.67,3.66822,3.74301,3.98785
2026-02-24,3.67,3.66755,3.74727,3.99164
2026-02-23,3.66,3.66721,3.75119,3.99561
2026-02-20,3.66,3.66521,3.76062,4.00768
2026-02-19,3.67,3.66421,3.76353,4.01159
2026-02-18,3.73,3.66154,3.76554,4.01516
2026-02-17,3.71,3.65952,3.76779,4.01861
2026-02-13,3.66,3.65819,3.78126,4.03392
2026-02-12,3.65,3.65819,3.78462,4.03795
2026-02-11,3.65,3.65786,3.78854,4.04196
2026-02-10,3.65,3.65753,3.79225,4.04587
2026-02-09,3.63,3.65785,3.79583,4.04984
2026-02-06,3.64,3.65819,3.80582,4.06192
2026-02-05,3.65,3.65853,3.80895,4.06588
2026-02-04,3.65,3.6602,3.81198,4.06984
2026-02-03,3.69,3.66221,3.81445,4.07359
2026-02-02,3.69,3.6642,3.81792,4.07727
2026-01-30,3.68,3.67924,3.83509,4.08844
2026-01-29,3.65,3.68125,3.84147,4.09235
2026-01-28,3.64,3.68559,3.84596,4.09631
2026-01-27,3.66,3.68894,3.8528,4.10045
2026-01-26,3.66,3.69227,3.86009,4.10419
2026-01-23,3.65,3.69661,3.88029,4.11627
2026-01-22,3.64,3.69728,3.88701,4.12035
2026-01-21,3.63,3.69895,3.89385,4.12449
2026-01-20,3.64,3.69962,3.90025,4.12823
2026-01-16,3.65,3.702,3.92439,4.14264
2026-01-15,3.66,3.703,3.93021,4.14627
2026-01-14,3.64,3.70668,3.93761,4.15
2026-01-13,3.65,3.70735,3.94479,4.15392
2026-01-12,3.64,3.70834,3.95097,4.15789
2026-01-09,3.64,3.71871,3.96813,4.16974
2026-01-08,3.64,3.72841,3.97383,4.17354
2026-01-07,3.65,3.73844,3.97922,4.17728
2026-01-06,3.66,3.74747,3.98438,4.18096
2026-01-05,3.7,3.75514,3.98932,4.18448
2026-01-02,3.75,3.77354,4.00346,4.19452
2025-12-31,3.87,3.78659,4.01064,4.19996
2025-12-30,3.71,3.8003,4.01614,4.20358
2025-12-29,3.77,3.81199,4.02141,4.20716
2025-12-26,3.76,3.84341,4.03455,4.21851
2025-12-24,3.66,3.86516,4.04599,4.22678
2025-12-23,3.66,3.87419,4.05126,4.23098
2025-12-22,3.68,3.88253,4.0562,4.23484
2025-12-19,3.66,3.90829,4.07237,4.24562
2025-12-18,3.66,3.91765,4.07775,4.24919
2025-12-17,3.69,3.92802,4.0828,4.25259
2025-12-16,3.69,3.93671,4.09054,4.25594
2025-12-15,3.75,3.94338,4.09772,4.25894
2025-12-12,3.67,3.97416,4.124,4.26973
2025-12-11,3.66,3.98385,4.13251,4.27324
2025-12-10,3.9,3.98551,4.13824,4.27539
2025-12-09,3.93,3.98551,4.1434,4.27738
2025-12-08,3.95,3.98483,4.14845,4.27925
2025-12-05,3.93,3.98384,4.16474,4.28533
2025-12-04,3.92,3.98651,4.17034,4.28742
2025-12-03,3.95,3.99253,4.1755,4.28935
2025-12-02,4.01,3.99956,4.17977,4.29094
2025-12-01,4.12,4.00288,4.1828,4.29184
2025-11-28,4.12,4.00858,4.19021,4.2956
2025-11-26,4.05,4.02465,4.19671,4.299
2025-11-25,4.01,4.03234,4.20063,4.30081
2025-11-24,3.96,4.04169,4.20535,4.30291
2025-11-21,3.93,4.0718,4.21995,4.30882
2025-11-20,3.91,4.0825,4.22499,4.3108
2025-11-19,3.91,4.09086,4.2296,4.31278
2025-11-18,3.94,4.09888,4.23375,4.31459
2025-11-17,4.0,4.10489,4.23746,4.31607
2025-11-14,3.95,4.13567,4.25105,4.32181
2025-11-13,4.0,4.14202,4.25508,4.32351
2025-11-12,3.98,4.14771,4.25912,4.32532
2025-11-10,3.95,4.16105,4.268,4.32929
2025-11-07,3.93,4.18145,4.28204,4.33537
2025-11-06,3.92,4.18881,4.28686,4.33741
2025-11-05,3.91,4.19683,4.2918,4.3395
2025-11-04,4.0,4.20285,4.29562,4.34115
2025-11-03,4.13,4.20451,4.29798,4.34212
2025-10-31,4.22,4.20185,4.30192,4.34411
2025-10-30,4.04,4.20854,4.30527,4.34592
2025-10-29,4.27,4.20386,4.30662,4.34643
2025-10-28,4.31,4.19884,4.30673,4.34688
2025-10-27,4.27,4.19515,4.30774,4.34768
2025-10-24,4.24,4.1868,4.3118,4.34956
2025-10-23,4.24,4.18279,4.31313,4.35007
2025-10-22,4.21,4.18045,4.31414,4.35074
2025-10-21,4.23,4.17744,4.31471,4.35108
2025-10-20,4.16,4.17675,4.31605,4.35176
2025-10-17,4.18,4.18078,4.31988,4.35404
2025-10-16,4.3,4.18379,4.31987,4.35415
2025-10-15,4.29,4.19115,4.32043,4.35432
2025-10-14,4.19,4.19884,4.32212,4.35505
2025-10-10,4.15,4.23367,4.33023,4.35921
2025-10-09,4.13,4.2427,4.33224,4.36034
2025-10-08,4.12,4.25207,4.33437,4.36152
2025-10-07,4.14,4.26143,4.33639,4.36283
2025-10-06,4.15,4.27044,4.33853,4.36436
2025-10-03,4.18,4.2932,4.34404,4.36743
2025-10-02,4.2,4.29956,4.34571,4.36828
2025-10-01,4.2,4.30424,4.34738,4.36913
2025-09-30,4.24,4.30757,4.34918,4.36998
2025-09-29,4.13,4.31456,4.35266,4.37134
2025-09-26,4.16,4.33328,4.36109,4.3751
2025-09-25,4.18,4.33997,4.36344,4.376
2025-09-24,4.13,4.348,4.36647,4.37719
2025-09-23,4.12,4.35603,4.36917,4.37855
2025-09-22,4.14,4.36337,4.37096,4.37974
2025-09-19,4.14,4.38245,4.37603,4.3827
2025-09-18,4.14,4.38881,4.3777,4.38361
2025-09-17,4.38,4.38747,4.37658,4.38315
2025-09-16,4.39,4.38647,4.37534,4.38258
2025-09-15,4.51,4.38143,4.37309,4.38133
2025-09-12,4.42,4.37376,4.36883,4.37947
2025-09-11,4.41,4.37208,4.36736,4.37884
2025-09-10,4.39,4.37041,4.36613,4.37832
2025-09-09,4.4,4.36874,4.36478,4.37776
2025-09-08,4.4,4.36705,4.36343,4.37725
2025-09-05,4.42,4.35971,4.35906,4.37572
2025-09-04,4.41,4.35737,4.35771,4.37532
2025-09-03,4.39,4.35536,4.35658,4.37503
2025-09-02,4.39,4.35369,4.35535,4.3748
2025-08-29,4.34,4.35474,4.35549,4.37499
2025-08-28,4.34,4.35541,4.35559,4.37527
2025-08-27,4.36,4.35541,4.35525,4.37544
2025-08-26,4.38,4.35474,4.35469,4.37532
2025-08-25,4.37,4.35439,4.35402,4.3751
2025-08-22,4.36,4.34973,4.35065,4.37471
2025-08-21,4.32,4.34839,4.34996,4.37482
2025-08-20,4.31,4.34738,4.3494,4.37498
2025-08-19,4.33,4.34638,4.34861,4.37498
2025-08-18,4.34,4.34503,4.34782,4.37504
2025-08-15,4.36,4.3417,4.3457,4.37476
2025-08-14,4.34,4.3427,4.34524,4.3747
2025-08-13,4.33,4.3427,4.34502,4.37469
2025-08-12,4.36,4.34103,4.34423,4.37452
2025-08-11,4.34,4.34001,4.34378,4.37441
2025-08-08,4.35,4.33635,4.34143,4.37436
2025-08-07,4.35,4.33601,4.34064,4.37436
2025-08-06,4.34,4.33568,4.34008,4.37441
2025-08-05,4.34,4.33601,4.33963,4.37452
2025-08-04,4.33,4.33666,4.33951,4.37452
2025-08-01,4.34,4.33931,4.33986,4.37476
2025-07-31,4.39,4.34098,4.33951,4.3747
2025-07-30,4.32,4.34533,4.3403,4.37503
2025-07-29,4.36,4.34633,4.34086,4.37503
2025-07-28,4.36,4.34732,4.34086,4.37497
2025-07-25,4.36,4.34967,4.3402,4.3747
2025-07-24,4.3,4.34967,4.34052,4.37492
2025-07-23,4.28,4.35001,4.34064,4.37526
2025-07-22,4.28,4.35034,4.34064,4.37566
2025-07-21,4.28,4.35066,4.34086,4.37577
2025-07-18,4.3,4.34899,4.34155,4.37561
2025-07-17,4.34,4.34798,4.34131,4.37532
2025-07-16,4.34,4.34732,4.34107,4.37502
2025-07-15,4.37,4.34431,4.3404,4.37457
2025-07-14,4.33,4.34262,4.34073,4.37429
2025-07-11,4.31,4.33962,4.34142,4.37395
2025-07-10,4.31,4.33862,4.34163,4.37389
2025-07-09,4.32,4.33762,4.34219,4.37377
2025-07-08,4.34,4.33594,4.34309,4.37355
2025-07-07,4.33,4.33459,4.34388,4.37332
2025-07-03,4.35,4.3273,4.34367,4.37197
2025-07-02,4.4,4.32563,4.34356,4.37146
2025-07-01,4.44,4.32262,4.34277,4.37123
2025-06-30,4.45,4.31926,4.3421,4.37146
2025-06-27,4.39,4.31392,4.34121,4.37231
2025-06-26,4.4,4.31091,4.34053,4.37265
2025-06-25,4.36,4.30757,4.34053,4.37321
2025-06-24,4.3,4.30621,4.34109,4.37452
2025-06-23,4.29,4.30517,4.34154,4.37514
2025-06-20,4.29,4.30217,4.342,4.37594
2025-06-18,4.28,4.30218,4.34233,4.37616
2025-06-17,4.31,4.30185,4.3421,4.37611
2025-06-16,4.32,4.30116,4.34199,4.37753
2025-06-13,4.28,4.30319,4.3429,4.38338
2025-06-12,4.28,4.30385,4.34311,4.38519
2025-06-11,4.28,4.30385,4.34334,4.387
2025-06-10,4.28,4.30385,4.34368,4.38893
2025-06-09,4.29,4.3035,4.34401,4.39081
2025-06-06,4.29,4.30352,4.3456,4.39649
2025-06-05,4.29,4.30452,4.34615,4.39825
2025-06-04,4.28,4.3062,4.34693,4.40006
2025-06-03,4.32,4.30753,4.34716,4.40159
2025-06-02,4.35,4.30785,4.34693,4.40296
2025-05-30,4.35,4.31155,4.34762,4.40762
2025-05-29,4.33,4.31255,4.34828,4.40909
2025-05-28,4.33,4.31355,4.34862,4.41056
2025-05-27,4.31,4.31422,4.34884,4.41204
2025-05-23,4.26,4.32063,4.35235,4.41921
2025-05-22,4.26,4.32197,4.35324,4.42096
2025-05-21,4.26,4.32397,4.35402,4.42272
2025-05-20,4.27,4.32564,4.35492,4.42442
2025-05-19,4.29,4.32663,4.35582,4.42595
2025-05-16,4.3,4.32827,4.35683,4.43056
2025-05-15,4.31,4.32994,4.35704,4.43203
2025-05-14,4.29,4.33128,4.35749,4.43362
2025-05-13,4.3,4.33228,4.35771,4.43521
2025-05-12,4.28,4.33394,4.35839,4.43697
2025-05-09,4.28,4.34332,4.36075,4.44242
2025-05-08,4.29,4.347,4.36142,4.44418
2025-05-07,4.3,4.348,4.36209,4.44587
2025-05-06,4.32,4.34901,4.3622,4.44871
2025-05-05,4.33,4.34966,4.3622,4.45143
2025-05-02,4.36,4.35068,4.36255,4.45951
2025-05-01,4.39,4.35068,4.36243,4.46217
2025-04-30,4.41,4.35068,4.36187,4.46472
2025-04-29,4.36,4.35001,4.36175,4.46779
2025-04-28,4.36,4.34932,4.36164,4.47034
2025-04-25,4.33,4.35135,4.36199,4.47876
2025-04-24,4.29,4.35269,4.36254,4.48182
2025-04-23,4.28,4.35369,4.36333,4.48494
2025-04-22,4.3,4.35369,4.36333,4.48795
2025-04-21,4.32,4.353,4.36299,4.49084
2025-04-17,4.32,4.35006,4.36164,4.5025
2025-04-16,4.31,4.3504,4.36142,4.5055
2025-04-15,4.36,4.34839,4.36052,4.50829
2025-04-14,4.33,4.34737,4.35996,4.5113
2025-04-11,4.33,4.34471,4.35885,4.51977
2025-04-10,4.37,4.34304,4.35805,4.52226
2025-04-09,4.42,4.34003,4.3567,4.52446
2025-04-08,4.4,4.33802,4.35547,4.52685
2025-04-07,4.33,4.33834,4.35479,4.52969
2025-04-04,4.35,4.33769,4.35301,4.53793
2025-04-03,4.39,4.33568,4.3521,4.54043
2025-04-02,4.37,4.33434,4.35243,4.54304
2025-04-01,4.39,4.33434,4.35356,4.54565
2025-03-31,4.41,4.33365,4.35445,4.54855
2025-03-28,4.34,4.33568,4.35749,4.55895
2025-03-27,4.36,4.33467,4.3586,4.56168
2025-03-26,4.35,4.33434,4.36062,4.56445
2025-03-25,4.33,4.33467,4.36141,4.56729
2025-03-24,4.31,4.33566,4.36242,4.5703
2025-03-21,4.3,4.33969,4.36254,4.5794
2025-03-20,4.29,4.34237,4.36264,4.58247
2025-03-19,4.29,4.34371,4.36275,4.58553
2025-03-18,4.31,4.34436,4.36567,4.58843
2025-03-17,4.32,4.34466,4.36904,4.59417
2025-03-14,4.3,4.34733,4.37972,4.6123
2025-03-13,4.3,4.34867,4.38308,4.61815
2025-03-12,4.31,4.35001,4.38656,4.62394
2025-03-11,4.32,4.35101,4.38993,4.62968
2025-03-10,4.33,4.35166,4.39341,4.63531
2025-03-07,4.34,4.35235,4.40252,4.65231
2025-03-06,4.35,4.35168,4.40531,4.65793
2025-03-05,4.34,4.35201,4.40812,4.66361
2025-03-04,4.33,4.35369,4.41104,4.66941
2025-03-03,4.33,4.35534,4.41453,4.67521
2025-02-28,4.39,4.35268,4.42184,4.69118
2025-02-27,4.36,4.35235,4.42441,4.69663
2025-02-26,4.33,4.35268,4.4271,4.70225
2025-02-25,4.33,4.35302,4.42979,4.70793
2025-02-24,4.34,4.353,4.43249,4.71368
2025-02-21,4.34,4.35201,4.44036,4.73074
2025-02-20,4.33,4.35068,4.44305,4.73643
2025-02-19,4.35,4.34867,4.44552,4.74199
2025-02-18,4.37,4.34598,4.44765,4.74733
2025-02-14,4.33,4.34031,4.45846,4.76982
2025-02-13,4.33,4.33864,4.46115,4.77544
2025-02-12,4.32,4.33763,4.46407,4.78112
2025-02-11,4.34,4.3363,4.46688,4.78686
2025-02-10,4.35,4.33461,4.46969,4.79244
2025-02-07,4.35,4.32927,4.47811,4.80934
2025-02-06,4.36,4.32626,4.48079,4.81491
2025-02-05,4.33,4.32425,4.48629,4.82065
2025-02-04,4.33,4.32359,4.49168,4.82639
2025-02-03,4.35,4.32223,4.49696,4.83197
2025-01-31,4.38,4.32426,4.5127,4.84825
2025-01-30,4.36,4.32859,4.5183,4.85388
2025-01-29,4.35,4.32926,4.52448,4.85956
2025-01-28,4.35,4.33293,4.52965,4.86525
2025-01-27,4.34,4.33693,4.53505,4.87117
2025-01-24,4.34,4.34932,4.55146,4.88819
2025-01-23,4.35,4.35098,4.55684,4.89387
2025-01-22,4.3,4.35131,4.56279,4.89984
2025-01-21,4.29,4.35165,4.56886,4.90587
2025-01-17,4.29,4.36207,4.59327,4.92974
2025-01-16,4.29,4.3731,4.59944,4.93571
2025-01-15,4.28,4.38548,4.60584,4.94173
2025-01-14,4.28,4.39619,4.61236,4.94777
2025-01-13,4.29,4.40654,4.61877,4.9538
2025-01-10,4.3,4.43799,4.63596,4.97163
2025-01-09,4.3,4.44937,4.64167,4.97754
2025-01-08,4.29,4.46074,4.64762,4.98351
2025-01-07,4.27,4.47178,4.65392,4.98961
2025-01-06,4.27,4.4828,4.66032,4.9957
2025-01-03,4.31,4.51125,4.67787,5.01307
2025-01-02,4.4,4.51928,4.68269,5.01831
2024-12-31,4.49,4.52766,4.69157,5.02781
2024-12-30,4.37,4.535,4.69922,5.03327
2024-12-27,4.46,4.54671,4.71339,5.04866
2024-12-26,4.53,4.54838,4.71686,5.05321
2024-12-24,4.4,4.56011,4.72665,5.06385
2024-12-23,4.31,4.56879,4.7326,5.06972
2024-12-20,4.3,4.59556,4.75049,5.0871
2024-12-19,4.3,4.6046,4.75643,5.09285
2024-12-18,4.57,4.6046,4.75924,5.09706
2024-12-17,4.62,4.60293,4.76722,5.10104
2024-12-16,4.65,4.60023,4.77543,5.10492
2024-12-13,4.6,4.59824,4.80062,5.11728
2024-12-12,4.62,4.59757,4.80859,5.12121
2024-12-11,4.62,4.5969,4.81657,5.12513
2024-12-10,4.64,4.59555,4.82422,5.12895
2024-12-09,4.63,4.5945,4.83209,5.13282
2024-12-06,4.6,4.60889,4.85706,5.1452
2024-12-05,4.59,4.61658,4.86548,5.14941
2024-12-04,4.59,4.62428,4.87402,5.15362
2024-12-03,4.64,4.63164,4.88201,5.15755
2024-12-02,4.64,4.63898,4.88988,5.16148
2024-11-29,4.59,4.66576,4.9145,5.17431
2024-11-27,4.57,4.68251,4.93146,5.18308
2024-11-26,4.58,4.69087,4.94012,5.18735
2024-11-25,4.58,4.69922,4.94878,5.19163
2024-11-22,4.57,4.72533,4.97455,5.20445
2024-11-21,4.57,4.73403,4.98308,5.20872
2024-11-20,4.56,4.74273,4.99152,5.21304
2024-11-19,4.57,4.75176,4.99984,5.21726
2024-11-18,4.57,4.76078,5.00828,5.22147
2024-11-15,4.57,4.7889,5.0336,5.23414
2024-11-14,4.58,4.79827,5.0419,5.23829
2024-11-13,4.59,4.80563,5.05045,5.24239
2024-11-12,4.6,4.81264,5.05867,5.24644
2024-11-08,4.6,4.84176,5.092,5.26265
2024-11-07,4.82,4.84243,5.09783,5.26544
2024-11-06,4.81,4.8431,5.10379,5.26828
2024-11-05,4.82,4.84343,5.10953,5.27107
2024-11-04,4.82,4.84375,5.11527,5.27387
2024-11-01,4.86,4.84444,5.13149,5.28157
2024-10-31,4.9,4.84946,5.13653,5.28391
2024-10-30,4.81,4.85448,5.14261,5.28675
2024-10-29,4.82,4.85515,5.14891,5.28954
2024-10-28,4.82,4.85579,5.15465,5.29239
2024-10-25,4.83,4.85648,5.17199,5.3009
2024-10-24,4.83,4.85682,5.17782,5.30369
2024-10-23,4.83,4.85682,5.18368,5.30647
2024-10-22,4.83,4.85682,5.18942,5.30921
2024-10-21,4.82,4.85713,5.19527,5.31201
2024-10-18,4.84,4.87255,5.21205,5.32006
2024-10-17,4.85,4.89028,5.21755,5.32268
2024-10-16,4.86,4.90768,5.22295,5.32523
2024-10-15,4.86,4.92341,5.22846,5.32774
2024-10-11,4.81,4.99274,5.25247,5.33923
2024-10-10,4.82,5.00981,5.25831,5.34202
2024-10-09,4.83,5.02688,5.26405,5.34475
2024-10-08,4.84,5.04361,5.26967,5.34743
2024-10-07,4.83,5.06065,5.27541,5.35016
2024-10-04,4.83,5.11254,5.29197,5.35844
2024-10-03,4.85,5.12894,5.29725,5.36112
2024-10-02,4.92,5.14233,5.30186,5.36339
2024-10-01,5.05,5.15134,5.30501,5.36493
2024-09-30,4.96,5.16334,5.3094,5.36699
2024-09-27,4.84,5.21287,5.32675,5.37561
2024-09-26,4.83,5.23027,5.33236,5.37852
2024-09-25,4.84,5.24701,5.33798,5.38136
2024-09-24,4.84,5.26341,5.34361,5.3842
2024-09-23,4.83,5.28012,5.34924,5.38705
2024-09-20,4.83,5.32901,5.36547,5.39533
2024-09-19,4.82,5.34575,5.37097,5.39812
2024-09-18,5.33,5.34541,5.37085,5.398
2024-09-17,5.38,5.34341,5.37029,5.3976
2024-09-16,5.38,5.34137,5.36972,5.3972
2024-09-13,5.33,5.34173,5.36929,5.39687
2024-09-12,5.33,5.34207,5.36904,5.39675
2024-09-11,5.32,5.34274,5.36893,5.39669
2024-09-10,5.33,5.34307,5.36871,5.39657
2024-09-09,5.34,5.34304,5.36848,5.3964
2024-09-06,5.34,5.34274,5.36805,5.3959
2024-09-05,5.35,5.34207,5.36781,5.39567
2024-09-04,5.35,5.34106,5.36758,5.39543
2024-09-03,5.34,5.3414,5.36747,5.39526
2024-08-30,5.32,5.3465,5.36841,5.39506
2024-08-29,5.33,5.3465,5.36851,5.39494
2024-08-28,5.35,5.34583,5.36828,5.39471
2024-08-27,5.35,5.34583,5.36806,5.39453
2024-08-26,5.34,5.34614,5.36783,5.39436
2024-08-23,5.33,5.34784,5.36749,5.39403
2024-08-22,5.31,5.34884,5.36758,5.39403
2024-08-21,5.31,5.34951,5.36758,5.39402
2024-08-20,5.32,5.35018,5.36747,5.39391
2024-08-19,5.32,5.35082,5.36736,5.39379
2024-08-16,5.32,5.35319,5.36704,5.39346
2024-08-15,5.35,5.35319,5.36657,5.39317
2024-08-14,5.33,5.35353,5.36634,5.39298
2024-08-13,5.34,5.35353,5.366,5.39281
2024-08-12,5.34,5.3535,5.36567,5.39258
2024-08-09,5.34,5.35353,5.36467,5.39208
2024-08-08,5.34,5.35353,5.36432,5.39191
2024-08-07,5.33,5.35319,5.36409,5.39178
2024-08-06,5.33,5.35286,5.36387,5.39167
2024-08-05,5.32,5.35283,5.36375,5.39161
2024-08-02,5.35,5.35049,5.36242,5.391
2024-08-01,5.35,5.35049,5.36195,5.39082
2024-07-31,5.38,5.35116,5.36116,5.39047
2024-07-30,5.33,5.35116,5.36105,5.39041
2024-07-29,5.33,5.35113,5.36116,5.39036
2024-07-26,5.35,5.34982,5.36017,5.38974
2024-07-25,5.35,5.34915,5.35981,5.38957
2024-07-24,5.34,5.34814,5.35948,5.38944
2024-07-23,5.34,5.34714,5.35914,5.38933
2024-07-22,5.33,5.34644,5.35891,5.38922
2024-07-19,5.34,5.34446,5.35792,5.38872
2024-07-18,5.34,5.3441,5.35756,5.38854
2024-07-17,5.35,5.34343,5.357,5.3883
2024-07-16,5.35,5.34209,5.35655,5.38808
2024-07-15,5.34,5.34106,5.35621,5.38796
2024-07-12,5.34,5.33808,5.35533,5.38751
2024-07-11,5.34,5.33741,5.35497,5.38733
2024-07-10,5.34,5.33674,5.35464,5.38715
2024-07-09,5.34,5.3364,5.3543,5.38698
2024-07-08,5.32,5.33671,5.35419,5.38692
2024-07-05,5.32,5.33774,5.35409,5.38676
2024-07-03,5.33,5.33844,5.35386,5.38653
2024-07-02,5.35,5.3381,5.35352,5.38636
2024-07-01,5.4,5.33607,5.35284,5.3863
2024-06-28,5.33,5.33643,5.35331,5.38728
2024-06-27,5.34,5.33576,5.35329,5.3875
2024-06-26,5.34,5.33509,5.35327,5.38771
2024-06-25,5.33,5.33473,5.35327,5.38811
2024-06-24,5.31,5.33501,5.35338,5.38857
2024-06-21,5.31,5.33535,5.3534,5.38892
2024-06-20,5.32,5.33501,5.35327,5.38891
2024-06-18,5.33,5.3337,5.35282,5.38873
2024-06-17,5.33,5.333,5.3526,5.38861
2024-06-14,5.31,5.33303,5.35262,5.38874
2024-06-13,5.31,5.33303,5.3526,5.38879
2024-06-12,5.31,5.33303,5.3526,5.38884
2024-06-11,5.32,5.33269,5.35249,5.38879
2024-06-10,5.32,5.33233,5.35237,5.38873
2024-06-07,5.33,5.33035,5.35172,5.38851
2024-06-06,5.33,5.32968,5.35147,5.38845
2024-06-05,5.33,5.32901,5.35125,5.38839
2024-06-04,5.33,5.32834,5.35102,5.38833
2024-06-03,5.35,5.32698,5.35057,5.38816
2024-05-31,5.34,5.32433,5.34958,5.38857
2024-05-30,5.33,5.32466,5.34934,5.38891
2024-05-29,5.33,5.32433,5.34922,5.38924
2024-05-28,5.32,5.32433,5.34911,5.3893
2024-05-24,5.32,5.32374,5.3487,5.38927
2024-05-23,5.31,5.32374,5.34869,5.38932
2024-05-22,5.31,5.32374,5.34857,5.38937
2024-05-21,5.31,5.32374,5.34846,5.38937
2024-05-20,5.31,5.32371,5.34835,5.38936
2024-05-17,5.31,5.3234,5.34801,5.38943
2024-05-16,5.31,5.3234,5.34787,5.38949
2024-05-15,5.31,5.32374,5.34787,5.38954
2024-05-14,5.31,5.32374,5.34776,5.38959
2024-05-13,5.31,5.32371,5.34776,5.38965
2024-05-10,5.31,5.32374,5.34778,5.38983
2024-05-09,5.31,5.32374,5.34776,5.38989
2024-05-08,5.31,5.32374,5.34776,5.38993
2024-05-07,5.31,5.32407,5.34776,5.38999
2024-05-06,5.31,5.32438,5.34776,5.39005
2024-05-03,5.31,5.32541,5.348,5.39023
2024-05-02,5.31,5.32641,5.3481,5.39029
2024-05-01,5.32,5.32742,5.3481,5.39028
2024-04-30,5.34,5.32742,5.34787,5.39022
2024-04-29,5.32,5.32806,5.34776,5.39022
2024-04-26,5.32,5.32968,5.34766,5.39029
2024-04-25,5.31,5.33002,5.34776,5.39029
2024-04-24,5.31,5.33002,5.34787,5.39028
2024-04-23,5.31,5.33002,5.34787,5.39028
2024-04-22,5.31,5.32999,5.34787,5.39022
2024-04-19,5.31,5.33002,5.34789,5.39006
2024-04-18,5.3,5.33035,5.34798,5.39006
2024-04-17,5.31,5.33035,5.34798,5.38999
2024-04-16,5.31,5.33035,5.3481,5.38993
2024-04-15,5.32,5.32999,5.3481,5.38982
2024-04-12,5.31,5.33002,5.3481,5.38983
2024-04-11,5.31,5.33002,5.34807,5.38983
2024-04-10,5.31,5.33002,5.34807,5.38982
2024-04-09,5.31,5.33002,5.34807,5.38982
2024-04-08,5.31,5.32999,5.34807,5.38982
2024-04-05,5.32,5.32901,5.34775,5.38966
2024-04-04,5.32,5.32868,5.34762,5.38959
2024-04-03,5.32,5.32834,5.34762,5.38952
2024-04-02,5.34,5.32734,5.34818,5.38941
2024-04-01,5.35,5.32597,5.34875,5.38924
2024-03-28,5.34,5.3224,5.35055,5.38875
2024-03-27,5.33,5.32173,5.35134,5.38862
2024-03-26,5.32,5.32139,5.35212,5.38857
2024-03-25,5.31,5.32137,5.35257,5.38862
2024-03-22,5.31,5.32072,5.35291,5.38858
2024-03-21,5.31,5.32039,5.353,5.38852
2024-03-20,5.31,5.32005,5.353,5.38845
2024-03-19,5.31,5.31969,5.353,5.38839
2024-03-18,5.31,5.31931,5.353,5.38834
2024-03-15,5.31,5.31864,5.35335,5.38835
2024-03-14,5.31,5.31864,5.35345,5.38835
2024-03-13,5.31,5.31864,5.35345,5.38834
2024-03-12,5.31,5.31864,5.35345,5.38828
2024-03-11,5.31,5.31861,5.35345,5.38822
2024-03-08,5.31,5.31864,5.3538,5.38807
2024-03-07,5.31,5.31864,5.3539,5.388
2024-03-06,5.31,5.31864,5.35401,5.38794
2024-03-05,5.31,5.31897,5.35412,5.38794
2024-03-04,5.31,5.31928,5.35435,5.38788
2024-03-01,5.31,5.32031,5.35684,5.38789
2024-02-29,5.32,5.31998,5.35761,5.38782
2024-02-28,5.31,5.31998,5.35784,5.38781
2024-02-27,5.31,5.32031,5.35784,5.38781
2024-02-26,5.31,5.32062,5.35795,5.38775
2024-02-23,5.31,5.32131,5.35831,5.3876
2024-02-22,5.3,5.32165,5.35851,5.38759
2024-02-21,5.3,5.32198,5.35863,5.38758
2024-02-20,5.3,5.32232,5.35873,5.38758
2024-02-16,5.3,5.32407,5.35945,5.38761
2024-02-15,5.31,5.3244,5.35954,5.38755
2024-02-14,5.3,5.32474,5.35977,5.38754
2024-02-13,5.31,5.32471,5.35988,5.38748
2024-02-12,5.31,5.32466,5.35999,5.38743
2024-02-09,5.31,5.32466,5.36035,5.38727
2024-02-08,5.31,5.32466,5.36044,5.38721
2024-02-07,5.31,5.32466,5.36056,5.38714
2024-02-06,5.31,5.32466,5.36067,5.38708
2024-02-05,5.31,5.32463,5.36078,5.38703
2024-02-02,5.32,5.32667,5.3608,5.3867
2024-02-01,5.32,5.32935,5.36078,5.38658
2024-01-31,5.32,5.33136,5.36089,5.38646
2024-01-30,5.31,5.33367,5.36101,5.3864
2024-01-29,5.31,5.33596,5.36146,5.38634
2024-01-26,5.32,5.34299,5.36114,5.38613
2024-01-25,5.32,5.344,5.36101,5.38601
2024-01-24,5.31,5.34433,5.36101,5.38594
2024-01-23,5.31,5.34464,5.36089,5.38594
2024-01-22,5.31,5.34492,5.36078,5.38452
2024-01-19,5.31,5.34526,5.36046,5.38014
2024-01-18,5.31,5.34526,5.36033,5.37865
2024-01-17,5.32,5.34526,5.36011,5.3771
2024-01-16,5.32,5.34526,5.35988,5.37562
2024-01-12,5.31,5.346,5.35993,5.36983
2024-01-11,5.31,5.346,5.35991,5.36834
2024-01-10,5.31,5.34634,5.35991,5.36685
2024-01-09,5.31,5.34667,5.35991,5.36542
2024-01-08,5.31,5.34698,5.35991,5.36394
2024-01-05,5.31,5.34801,5.35991,5.35968
2024-01-04,5.32,5.34835,5.35977,5.35819
2024-01-03,5.39,5.34768,5.35898,5.3563
2024-01-02,5.4,5.34734,5.35808,5.35436
2023-12-29,5.38,5.34407,5.35531,5.34725
2023-12-28,5.4,5.3414,5.35428,5.34548
2023-12-27,5.39,5.33905,5.35338,5.34376
2023-12-26,5.35,5.33805,5.35304,5.34211
2023-12-22,5.32,5.33743,5.35241,5.33603
2023-12-21,5.31,5.33743,5.35228,5.33455
2023-12-20,5.31,5.33743,5.35217,5.33306
2023-12-19,5.31,5.33777,5.35205,5.33157
2023-12-18,5.32,5.33774,5.35194,5.33003
2023-12-15,5.32,5.33777,5.35162,5.32542
2023-12-14,5.31,5.3381,5.3516,5.32393
2023-12-13,5.31,5.33844,5.35149,5.32244
2023-12-12,5.31,5.33877,5.35138,5.32101
2023-12-11,5.32,5.33874,5.35115,5.31947
2023-12-08,5.32,5.33877,5.3505,5.31487
2023-12-07,5.32,5.33877,5.35025,5.31332
2023-12-06,5.32,5.33877,5.35014,5.31178
2023-12-05,5.33,5.33844,5.3498,5.31018
2023-12-04,5.37,5.33674,5.34913,5.30835
2023-12-01,5.39,5.33007,5.34643,5.30272
2023-11-30,5.33,5.33074,5.34618,5.30124
2023-11-29,5.31,5.33074,5.34618,5.29986
2023-11-28,5.32,5.3304,5.34595,5.29849
2023-11-27,5.32,5.33004,5.34572,5.29712
2023-11-24,5.32,5.32873,5.34507,5.29269
2023-11-22,5.31,5.32809,5.34483,5.28982
2023-11-21,5.31,5.32775,5.34472,5.28839
2023-11-20,5.31,5.32739,5.34461,5.28691
2023-11-17,5.32,5.32541,5.34395,5.28231
2023-11-16,5.32,5.32507,5.34371,5.28076
2023-11-15,5.32,5.32474,5.34348,5.27921
2023-11-14,5.32,5.32441,5.34326,5.27768
2023-11-13,5.32,5.32404,5.34303,5.27614
2023-11-10,5.32,5.32307,5.34237,5.27159
2023-11-09,5.32,5.32273,5.34213,5.27005
2023-11-08,5.32,5.3224,5.34191,5.2685
2023-11-07,5.32,5.32204,5.34168,5.26696
2023-11-06,5.32,5.32165,5.34146,5.26548
2023-11-03,5.32,5.32131,5.3408,5.26104
2023-11-02,5.33,5.32131,5.34044,5.2595
2023-11-01,5.32,5.32131,5.34022,5.25801
2023-10-31,5.35,5.31998,5.33966,5.25636
2023-10-30,5.31,5.31995,5.33966,5.25351
2023-10-27,5.31,5.32031,5.33945,5.24497
2023-10-26,5.31,5.32031,5.33932,5.24211
2023-10-25,5.3,5.32064,5.33943,5.23931
2023-10-24,5.3,5.32064,5.33673,5.23652
2023-10-23,5.3,5.32062,5.33403,5.23367
2023-10-20,5.3,5.32064,5.3256,5.22513
2023-10-19,5.3,5.32098,5.32277,5.22228
2023-10-18,5.3,5.32131,5.32007,5.21942
2023-10-17,5.31,5.32131,5.31714,5.21652
2023-10-16,5.31,5.32129,5.31433,5.21361
2023-10-13,5.31,5.32064,5.30568,5.2049
2023-10-12,5.31,5.32031,5.30274,5.20199
2023-10-11,5.31,5.31998,5.29992,5.19908
2023-10-10,5.31,5.31964,5.297,5.19617
2023-10-06,5.31,5.31872,5.28578,5.18469
2023-10-05,5.32,5.31838,5.28284,5.18178
2023-10-04,5.32,5.31805,5.27991,5.17886
2023-10-03,5.33,5.31735,5.27688,5.17589
2023-10-02,5.32,5.31696,5.27395,5.17298
2023-09-29,5.31,5.31663,5.26619,5.16508
2023-09-28,5.31,5.31629,5.2637,5.16256
2023-09-27,5.32,5.31562,5.26077,5.15999
2023-09-26,5.31,5.31529,5.25796,5.1572
2023-09-25,5.31,5.31493,5.25503,5.15447
2023-09-22,5.3,5.31495,5.24661,5.14622
2023-09-21,5.3,5.31495,5.24378,5.14337
2023-09-20,5.3,5.31495,5.24097,5.14051
2023-09-19,5.31,5.31462,5.23804,5.1376
2023-09-18,5.31,5.31426,5.23511,5.13327
2023-09-15,5.31,5.31328,5.22634,5.1203
2023-09-14,5.3,5.31328,5.2235,5.11602
2023-09-13,5.3,5.31328,5.2208,5.11174
2023-09-12,5.3,5.31328,5.21799,5.10758
2023-09-11,5.3,5.31325,5.21517,5.10348
2023-09-08,5.3,5.31328,5.20675,5.09068
2023-09-07,5.31,5.31295,5.20381,5.08635
2023-09-06,5.3,5.31295,5.20099,5.08207
2023-09-05,5.31,5.31261,5.19807,5.07774
2023-09-01,5.31,5.31135,5.18697,5.06045
2023-08-31,5.31,5.31135,5.18426,5.05612
2023-08-30,5.3,5.31169,5.18178,5.05184
2023-08-29,5.3,5.31169,5.1793,5.04757
2023-08-28,5.3,5.31166,5.1766,5.0433
2023-08-25,5.3,5.30399,5.1685,5.0305
2023-08-24,5.3,5.29595,5.16578,5.02622
2023-08-23,5.3,5.28758,5.16308,5.02195
2023-08-22,5.3,5.27921,5.16026,5.01768
2023-08-21,5.3,5.27082,5.15745,5.01341
2023-08-18,5.3,5.24608,5.14903,5.00061
2023-08-17,5.3,5.23805,5.1462,4.99633
2023-08-16,5.3,5.23001,5.14339,4.99205
2023-08-15,5.3,5.22165,5.14057,4.98778
2023-08-14,5.3,5.21325,5.13776,4.98351
2023-08-11,5.3,5.18851,5.12945,4.97071
2023-08-10,5.3,5.18048,5.12662,4.96644
2023-08-09,5.3,5.17245,5.12381,4.96216
2023-08-08,5.3,5.16441,5.12111,4.95789
2023-08-07,5.3,5.15636,5.11841,4.95362
2023-08-04,5.3,5.13229,5.11033,4.94083
2023-08-03,5.3,5.12426,5.10761,4.93656
2023-08-02,5.3,5.1162,5.10491,4.93228
2023-08-01,5.31,5.10884,5.09929,4.92801
2023-07-31,5.31,5.10145,5.09366,4.92232
2023-07-28,5.3,5.07838,5.07714,4.90532
2023-07-27,5.31,5.06968,5.0715,4.89957
2023-07-26,5.06,5.06935,5.06869,4.89524
2023-07-25,5.06,5.06901,5.06576,4.89091
2023-07-24,5.05,5.06899,5.06295,4.8867
2023-07-21,5.05,5.06901,5.05453,4.87391
2023-07-20,5.06,5.06868,5.05159,4.86958
2023-07-19,5.05,5.06868,5.04878,4.86531
2023-07-18,5.06,5.06832,5.04585,4.86104
2023-07-17,5.06,5.06794,5.04293,4.85672
2023-07-14,5.05,5.06827,5.03451,4.84398
2023-07-13,5.06,5.06794,5.03157,4.83965
2023-07-12,5.05,5.06794,5.02876,4.83538
2023-07-11,5.06,5.0676,5.02583,4.83105
2023-07-10,5.06,5.06724,5.02291,4.82673
2023-07-07,5.06,5.06626,5.01449,4.81394
2023-07-06,5.06,5.06593,5.01166,4.80967
2023-07-05,5.06,5.06593,5.00883,4.8054
2023-07-03,5.06,5.0666,5.00343,4.79682
2023-06-30,5.09,5.06528,4.99569,4.7834
2023-06-29,5.06,5.06528,4.99354,4.77907
2023-06-28,5.06,5.06528,4.99084,4.77474
2023-06-27,5.05,5.0656,4.98836,4.77048
2023-06-26,5.05,5.06588,4.986,4.76621
2023-06-23,5.05,5.06655,4.97769,4.75342
2023-06-22,5.05,5.06655,4.97487,4.74915
2023-06-21,5.05,5.06655,4.97206,4.74488
2023-06-20,5.05,5.06655,4.96643,4.74061
2023-06-16,5.05,5.06662,4.94398,4.72369
2023-06-15,5.06,5.06629,4.93823,4.71948
2023-06-14,5.05,5.06662,4.93283,4.71533
2023-06-13,5.05,5.06662,4.92755,4.71118
2023-06-12,5.05,5.0666,4.92192,4.70407
2023-06-09,5.05,5.06696,4.90507,4.68276
2023-06-08,5.05,5.06729,4.89944,4.67565
2023-06-07,5.05,5.06763,4.89381,4.66854
2023-06-06,5.05,5.06796,4.88819,4.66144
2023-06-05,5.06,5.06794,4.88246,4.65427
2023-06-02,5.07,5.05859,4.86493,4.63275
2023-06-01,5.08,5.04955,4.85896,4.62552
2023-05-31,5.08,5.04052,4.853,4.6183
2023-05-30,5.06,5.03215,4.84726,4.61126
2023-05-26,5.06,4.99843,4.82437,4.58281
2023-05-25,5.06,4.98972,4.81862,4.57565
2023-05-24,5.05,4.98136,4.813,4.56854
2023-05-23,5.05,4.97299,4.80738,4.56138
2023-05-22,5.05,4.9646,4.80176,4.55422
2023-05-19,5.05,4.93953,4.7849,4.53293
2023-05-18,5.05,4.93116,4.77926,4.52583
2023-05-17,5.05,4.9228,4.77363,4.51872
2023-05-16,5.05,4.91443,4.76801,4.51162
2023-05-15,5.06,4.90571,4.76228,4.50452
2023-05-12,5.05,4.88064,4.74543,4.48306
2023-05-11,5.05,4.87227,4.7398,4.47585
2023-05-10,5.06,4.86391,4.73407,4.46858
2023-05-09,5.06,4.85554,4.72834,4.4613
2023-05-08,5.06,4.84715,4.7226,4.45403
2023-05-05,5.06,4.82202,4.70542,4.43235
2023-05-04,5.06,4.81432,4.69968,4.4252
2023-05-03,4.81,4.81533,4.69687,4.41946
2023-05-02,4.81,4.81734,4.69125,4.41372
2023-05-01,4.81,4.81932,4.68563,4.40373
2023-04-28,4.81,4.82235,4.66845,4.37377
2023-04-27,4.81,4.82336,4.6627,4.36378
2023-04-26,4.8,4.82369,4.65708,4.35384
2023-04-25,4.8,4.82369,4.65158,4.34385
2023-04-24,4.8,4.82367,4.64596,4.3338
2023-04-21,4.8,4.81533,4.62911,4.30345
2023-04-20,4.8,4.80696,4.62348,4.29335
2023-04-19,4.8,4.79859,4.61798,4.28325
2023-04-18,4.8,4.79023,4.61236,4.27321
2023-04-17,4.8,4.78184,4.60685,4.26322
2023-04-14,4.8,4.75845,4.59,4.23334
2023-04-13,4.8,4.75008,4.58436,4.22335
2023-04-12,4.8,4.74172,4.57874,4.21337
2023-04-11,4.8,4.73335,4.57313,4.20338
2023-04-10,4.81,4.72463,4.56751,4.19335
2023-04-06,4.81,4.68992,4.54506,4.15344
2023-04-05,4.81,4.68123,4.53944,4.14346
2023-04-04,4.83,4.67186,4.53349,4.13336
2023-04-03,4.84,4.66213,4.52753,4.12316
2023-03-31,4.87,4.63004,4.50833,4.09148
2023-03-30,4.82,4.62101,4.50247,4.08105
2023-03-29,4.83,4.61164,4.49651,4.07056
2023-03-28,4.84,4.60194,4.49045,4.0599
2023-03-27,4.81,4.59322,4.48472,4.04953
2023-03-24,4.8,4.56815,4.46787,4.01871
2023-03-23,4.8,4.55979,4.46224,4.00846
2023-03-22,4.55,4.55979,4.45943,3.99961
2023-03-21,4.55,4.55977,4.45662,3.99078
2023-03-20,4.55,4.55973,4.45381,3.97774
2023-03-17,4.55,4.55973,4.44585,3.93895
2023-03-16,4.57,4.55906,4.44303,3.92592
2023-03-15,4.58,4.55806,4.44011,3.91284
2023-03-14,4.55,4.55806,4.43168,3.89998
2023-03-13,4.55,4.55804,4.42326,3.88707
2023-03-10,4.55,4.55806,4.398,3.84852
2023-03-09,4.55,4.55806,4.38957,3.83566
2023-03-08,4.55,4.55806,4.38114,3.82281
2023-03-07,4.55,4.55806,4.37272,3.80996
2023-03-06,4.55,4.55804,4.3643,3.79711
2023-03-03,4.55,4.55037,4.33938,3.75874
2023-03-02,4.55,4.54234,4.33106,3.74595
2023-03-01,4.55,4.53397,4.32286,3.73316
2023-02-28,4.55,4.52561,4.31466,3.72037
2023-02-27,4.55,4.51723,4.30636,3.70759
2023-02-24,4.55,4.49249,4.2811,3.66912
2023-02-23,4.55,4.48413,4.27267,3.65628
2023-02-22,4.55,4.47577,4.26414,3.64344
2023-02-21,4.55,4.4674,4.2556,3.6306
2023-02-17,4.55,4.43435,4.22195,3.57916
2023-02-16,4.55,4.42632,4.21352,3.56632
2023-02-15,4.55,4.41796,4.2051,3.55349
2023-02-14,4.55,4.40958,4.1968,3.54065
2023-02-13,4.55,4.40118,4.18838,3.52788
2023-02-10,4.55,4.3761,4.16257,3.48951
2023-02-09,4.55,4.36807,4.15392,3.47668
2023-02-08,4.55,4.36004,4.14526,3.46385
2023-02-07,4.55,4.35201,4.13662,3.45102
2023-02-06,4.55,4.34397,4.12798,3.43819
2023-02-03,4.55,4.31957,4.10251,3.39978
2023-02-02,4.56,4.31121,4.09398,3.3869
2023-02-01,4.31,4.31088,4.08825,3.37543
2023-01-31,4.31,4.31053,4.07411,3.36402
2023-01-30,4.3,4.31049,4.06008,3.35267
2023-01-27,4.3,4.31049,4.01801,3.31851
2023-01-26,4.3,4.31049,4.00398,3.30704
2023-01-25,4.31,4.31016,3.98973,3.29552
2023-01-24,4.3,4.31014,3.97548,3.28412
2023-01-23,4.3,4.31011,3.96112,3.26848
2023-01-20,4.3,4.31011,3.91794,3.22152
2023-01-19,4.31,4.30977,3.90346,3.20577
2023-01-18,4.3,4.30977,3.88921,3.19008
2023-01-17,4.31,4.31011,3.87497,3.17439
2023-01-13,4.3,4.29544,3.81858,3.11206
2023-01-12,4.3,4.27871,3.80444,3.09649
2023-01-11,4.3,4.26199,3.79031,3.08092
2023-01-10,4.31,4.24493,3.77606,3.06524
2023-01-09,4.31,4.22786,3.76193,3.04956
2023-01-06,4.31,4.17671,3.71955,3.00259
2023-01-05,4.31,4.15966,3.70542,2.98692
2023-01-04,4.3,4.14327,3.6914,2.9713
2023-01-03,4.31,4.12655,3.67716,2.95568
2022-12-30,4.3,4.06173,3.61889,2.89325
2022-12-29,4.3,4.04534,3.60409,2.87758
2022-12-28,4.3,4.02862,3.58907,2.86192
2022-12-27,4.3,4.0119,3.57427,2.84614
2022-12-23,4.3,3.9444,3.51546,2.78301
2022-12-22,4.3,3.92768,3.50077,2.76701
2022-12-21,4.3,3.91096,3.48609,2.75102
2022-12-20,4.3,3.89424,3.46312,2.73491
2022-12-19,4.3,3.87751,3.44026,2.71887
2022-12-16,4.32,3.82571,3.37137,2.6704
2022-12-15,4.32,3.80832,3.3484,2.65424
2022-12-14,3.8,3.80799,3.33137,2.64102
2022-12-13,3.8,3.80732,3.31423,2.62779
2022-12-12,3.8,3.80664,3.2972,2.61034
2022-12-09,3.8,3.8046,3.24614,2.55841
2022-12-08,3.8,3.80394,3.22911,2.54125
2022-12-07,3.8,3.80327,3.21208,2.5241
2022-12-06,3.8,3.80327,3.19506,2.50694
2022-12-05,3.81,3.80292,3.17804,2.48978
2022-12-02,3.81,3.77685,3.12699,2.43862
2022-12-01,3.82,3.75111,3.10985,2.42152
2022-11-30,3.82,3.72536,3.09272,2.40443
2022-11-29,3.81,3.69996,3.0757,2.38745
2022-11-28,3.8,3.67487,3.0588,2.37059
2022-11-25,3.8,3.59867,3.00776,2.31973
2022-11-23,3.79,3.54687,2.97396,2.28591
2022-11-22,3.8,3.5208,2.95684,2.26894
2022-11-21,3.8,3.49471,2.93971,2.25197
2022-11-18,3.8,3.41752,2.88869,2.20109
2022-11-17,3.8,3.39212,2.87168,2.18413
2022-11-16,3.81,3.36672,2.85456,2.16711
2022-11-15,3.8,3.34132,2.83766,2.15021
2022-11-14,3.79,3.31624,2.82088,2.13337
2022-11-10,3.78,3.21771,2.75389,2.06635
2022-11-09,3.78,3.19332,2.73711,2.04957
2022-11-08,3.78,3.16891,2.72033,2.03279
2022-11-07,3.78,3.1445,2.70366,2.01596
2022-11-04,3.8,3.06899,2.65267,1.96513
2022-11-03,3.8,3.0436,2.63567,1.94819
2022-11-02,3.05,3.04193,2.62717,1.93546
2022-11-01,3.05,3.03959,2.61867,1.92278
2022-10-31,3.05,3.03724,2.61029,1.90736
2022-10-28,3.05,3.02956,2.58424,1.86099
2022-10-27,3.04,3.02756,2.57563,1.84552
2022-10-26,3.03,3.02622,2.56724,1.8301
2022-10-25,3.02,3.02522,2.55058,1.81474
2022-10-24,3.01,3.02454,2.53403,1.79944
2022-10-21,3.02,2.99682,2.48384,1.7532
2022-10-20,3.03,2.97109,2.46696,1.73773
2022-10-19,3.04,2.94536,2.45008,1.72221
2022-10-18,3.04,2.91963,2.4332,1.70664
2022-10-17,3.05,2.89357,2.41632,1.69106
2022-10-14,3.04,2.81674,2.36603,1.6448
2022-10-13,3.04,2.79135,2.34927,1.62939
2022-10-12,3.04,2.76596,2.33239,1.61399
2022-10-11,3.05,2.74024,2.31541,1.59854
2022-10-07,3.05,2.63738,2.2476,1.53685
2022-10-06,3.05,2.612,2.23061,1.52145
2022-10-05,3.04,2.58695,2.21386,1.50612
2022-10-04,3.04,2.56189,2.1971,1.49078
2022-10-03,3.0,2.53816,2.18079,1.47567
2022-09-30,2.98,2.46903,2.13187,1.43069
2022-09-29,2.96,2.44666,2.11578,1.4158
2022-09-28,2.98,2.42328,2.09925,1.40081
2022-09-27,2.98,2.3999,2.08283,1.38576
2022-09-26,2.99,2.37618,2.06642,1.37055
2022-09-23,2.99,2.30473,2.01562,1.32508
2022-09-22,2.99,2.28069,1.99853,1.30993
2022-09-21,2.25,2.28169,1.98949,1.29891
2022-09-20,2.26,2.28236,1.98044,1.28779
2022-09-19,2.27,2.28269,1.97129,1.27661
2022-09-16,2.27,2.28403,1.94382,1.2434
2022-09-15,2.28,2.28436,1.93455,1.23233
2022-09-14,2.27,2.28503,1.9254,1.22132
2022-09-13,2.28,2.28503,1.90776,1.21026
2022-09-12,2.28,2.28502,1.89001,1.19779
2022-09-09,2.28,2.28503,1.83856,1.16041
2022-09-08,2.28,2.28536,1.82148,1.14795
2022-09-07,2.28,2.28536,1.8044,1.13549
2022-09-06,2.29,2.28503,1.78733,1.12298
2022-09-02,2.29,2.28437,1.71982,1.07293
2022-09-01,2.29,2.28471,1.70297,1.06042
2022-08-31,2.29,2.28437,1.68624,1.04791
2022-08-30,2.29,2.28371,1.66961,1.0354
2022-08-29,2.28,2.28337,1.65299,1.02295
2022-08-26,2.28,2.25799,1.60279,0.9856
2022-08-25,2.28,2.23295,1.58606,0.97315
2022-08-24,2.27,2.20824,1.56944,0.96076
2022-08-23,2.27,2.18319,1.55282,0.94837
2022-08-22,2.28,2.15781,1.53609,0.93592
2022-08-19,2.28,2.08236,1.48591,0.89859
2022-08-18,2.28,2.05765,1.46918,0.88614
2022-08-17,2.29,2.03261,1.45245,0.87364
2022-08-16,2.29,2.00757,1.43573,0.86115
2022-08-15,2.29,1.98253,1.41911,0.84865
2022-08-12,2.28,1.90775,1.36939,0.81133
2022-08-11,2.28,1.88305,1.35278,0.79889
2022-08-10,2.28,1.85801,1.33617,0.78646
2022-08-09,2.29,1.83264,1.31934,0.77396
2022-08-08,2.28,1.8076,1.30262,0.76147
2022-08-05,2.28,1.73317,1.25246,0.72417
2022-08-04,2.29,1.70814,1.23563,0.71168
2022-08-03,2.29,1.68244,1.21892,0.69919
2022-08-02,2.3,1.6564,1.19663,0.68665
2022-08-01,2.28,1.63103,1.17456,0.67422
2022-07-29,2.27,1.55494,1.10827,0.6371
2022-07-28,2.28,1.52958,1.08599,0.62468
2022-07-27,1.53,1.52857,1.07206,0.61643
2022-07-26,1.53,1.52624,1.05814,0.60813
2022-07-25,1.53,1.5239,1.0441,0.59982
2022-07-22,1.52,1.51689,1.00233,0.5752
2022-07-21,1.53,1.51422,0.9883,0.56695
2022-07-20,1.53,1.51155,0.97415,0.55871
2022-07-19,1.54,1.50855,0.96,0.55035
2022-07-18,1.54,1.50554,0.94597,0.54205
2022-07-15,1.54,1.4715,0.90421,0.51715
2022-07-14,1.53,1.44347,0.8904,0.50891
2022-07-13,1.53,1.41677,0.8766,0.50067
2022-07-12,1.54,1.39041,0.86268,0.49237
2022-07-11,1.53,1.36438,0.84887,0.48413
2022-07-08,1.53,1.28663,0.80779,0.4594
2022-07-07,1.54,1.26094,0.79398,0.45111
2022-07-06,1.54,1.23558,0.78018,0.44281
2022-07-05,1.54,1.21022,0.76637,0.43451
2022-07-01,1.52,1.11248,0.71206,0.40178
2022-06-30,1.5,1.08879,0.6987,0.39371
2022-06-29,1.51,1.06443,0.68512,0.38558
2022-06-28,1.52,1.03975,0.67121,0.3774
2022-06-27,1.5,1.01572,0.65763,0.36933
2022-06-24,1.46,0.94768,0.61824,0.34579
2022-06-23,1.44,0.92566,0.60533,0.33806
2022-06-22,1.45,0.90331,0.5922,0.33026
2022-06-21,1.45,0.88096,0.57907,0.32247
2022-06-17,1.45,0.79224,0.52756,0.29126
2022-06-16,1.45,0.77056,0.51477,0.28347
2022-06-15,0.7,0.7739,0.51032,0.27986
2022-06-14,0.69,0.77723,0.5032,0.2763
2022-06-13,0.73,0.77924,0.49563,0.27251
2022-06-10,0.75,0.7829,0.47227,0.26083
2022-06-09,0.75,0.78391,0.46448,0.25694
2022-06-08,0.76,0.78457,0.45659,0.25299
2022-06-07,0.77,0.78491,0.44858,0.24898
2022-06-06,0.78,0.78491,0.44046,0.24492
2022-06-03,0.78,0.76923,0.4161,0.23274
2022-06-02,0.79,0.75289,0.40787,0.22863
2022-06-01,0.8,0.73621,0.39953,0.22446
2022-05-31,0.79,0.7192,0.3913,0.22034
2022-05-27,0.78,0.6525,0.35882,0.2041
2022-05-26,0.78,0.63549,0.3507,0.20004
2022-05-25,0.78,0.61848,0.34259,0.19598
2022-05-24,0.78,0.60147,0.33447,0.19192
2022-05-23,0.78,0.58446,0.32635,0.18786
2022-05-20,0.78,0.53311,0.302,0.17569
2022-05-19,0.79,0.5161,0.29377,0.17157
2022-05-18,0.79,0.49943,0.28554,0.16746
2022-05-17,0.8,0.48242,0.2772,0.16329
2022-05-16,0.8,0.46542,0.26886,0.15912
2022-05-13,0.79,0.4154,0.24418,0.14677
2022-05-12,0.79,0.39873,0.23596,0.14266
2022-05-11,0.78,0.38272,0.22784,0.1386
2022-05-10,0.78,0.36672,0.21961,0.13454
2022-05-09,0.78,0.35071,0.2115,0.13049
2022-05-06,0.78,0.3027,0.18715,0.11831
2022-05-05,0.79,0.28637,0.17893,0.1142
2022-05-04,0.3,0.28637,0.17615,0.11281
2022-05-03,0.3,0.28637,0.17337,0.11142
2022-05-02,0.3,0.28637,0.17059,0.11003
2022-04-29,0.28,0.28703,0.16292,0.10619
2022-04-28,0.28,0.28703,0.16036,0.10492
2022-04-27,0.28,0.28703,0.1577,0.10364
2022-04-26,0.27,0.28737,0.15514,0.10241
2022-04-25,0.27,0.2877,0.15269,0.10119
2022-04-22,0.27,0.28803,0.14525,0.09747
2022-04-21,0.26,0.2887,0.14291,0.0963
2022-04-20,0.27,0.28937,0.14036,0.09508
2022-04-19,0.28,0.29003,0.1378,0.09369
2022-04-18,0.29,0.29037,0.13513,0.09224
2022-04-14,0.29,0.27503,0.12446,0.0868
2022-04-13,0.29,0.26703,0.1218,0.08546
2022-04-12,0.29,0.25903,0.11913,0.08413
2022-04-11,0.3,0.25069,0.11635,0.08274
2022-04-08,0.3,0.22569,0.10801,0.07857
2022-04-07,0.3,0.21735,0.10524,0.07718
2022-04-06,0.3,0.20902,0.10246,0.07579
2022-04-05,0.3,0.20068,0.09968,0.0744
2022-04-04,0.3,0.19235,0.0969,0.07301
2022-04-01,0.3,0.16734,0.08856,0.06884
2022-03-31,0.29,0.15934,0.0859,0.06751
2022-03-30,0.27,0.15201,0.08345,0.06629
2022-03-29,0.28,0.14434,0.0809,0.06501
2022-03-28,0.28,0.13667,0.07834,0.06373
2022-03-25,0.28,0.11367,0.07067,0.0599
2022-03-24,0.27,0.10634,0.06823,0.05868
2022-03-23,0.27,0.099,0.06578,0.05745
2022-03-22,0.28,0.09134,0.06323,0.05617
2022-03-21,0.29,0.08334,0.06056,0.05484
2022-03-18,0.3,0.05833,0.05211,0.05067
2022-03-17,0.3,0.05,0.04934,0.04928
2022-03-16,0.05,0.05,0.04934,0.04928
2022-03-15,0.05,0.05,0.04934,0.04928
2022-03-14,0.05,0.05,0.04934,0.04928
2022-03-11,0.05,0.04967,0.04934,0.04928
2022-03-10,0.05,0.04967,0.04934,0.04928
2022-03-09,0.05,0.04967,0.04934,0.04928
2022-03-08,0.05,0.04967,0.04934,0.04928
2022-03-07,0.05,0.04967,0.04934,0.04928
2022-03-04,0.05,0.04967,0.04934,0.04928
2022-03-03,0.05,0.04967,0.04934,0.04928
2022-03-02,0.05,0.04967,0.04934,0.04928
2022-03-01,0.05,0.04967,0.04934,0.04928
2022-02-28,0.05,0.04967,0.04934,0.04928
2022-02-25,0.05,0.049,0.04934,0.04928
2022-02-24,0.05,0.049,0.04934,0.04928
2022-02-23,0.05,0.04867,0.04934,0.04928
2022-02-22,0.05,0.04867,0.04934,0.04928
2022-02-18,0.05,0.04833,0.04934,0.04928
2022-02-17,0.05,0.04833,0.04934,0.04928
2022-02-16,0.05,0.04833,0.04934,0.04928
2022-02-15,0.05,0.04833,0.04934,0.04928
2022-02-14,0.05,0.04833,0.04934,0.04928
2022-02-11,0.05,0.04833,0.04934,0.04928
2022-02-10,0.05,0.04833,0.04934,0.04928
2022-02-09,0.04,0.04867,0.04945,0.04934
2022-02-08,0.05,0.04867,0.04945,0.04934
2022-02-07,0.05,0.04867,0.04945,0.04934
2022-02-04,0.05,0.04867,0.04945,0.04934
2022-02-03,0.05,0.04867,0.04945,0.04934
2022-02-02,0.05,0.04867,0.04945,0.04934
2022-02-01,0.05,0.04867,0.04945,0.04934
2022-01-31,0.05,0.04867,0.04945,0.04934
2022-01-28,0.05,0.04867,0.04945,0.04934
2022-01-27,0.04,0.049,0.04956,0.04939
2022-01-26,0.04,0.04933,0.04967,0.04945
2022-01-25,0.05,0.04933,0.04967,0.04945
2022-01-24,0.04,0.04967,0.04978,0.04951
2022-01-21,0.05,0.04967,0.04967,0.04951
2022-01-20,0.04,0.05,0.04978,0.04956
2022-01-19,0.05,0.04967,0.04956,0.04956
2022-01-18,0.05,0.04967,0.04934,0.04956
2022-01-14,0.05,0.04967,0.04911,0.04956
2022-01-13,0.05,0.04967,0.04911,0.04956
2022-01-12,0.05,0.04967,0.04911,0.04956
2022-01-11,0.05,0.04967,0.04911,0.04956
2022-01-10,0.05,0.04967,0.04911,0.04956
2022-01-07,0.05,0.04967,0.04911,0.04956
2022-01-06,0.05,0.04967,0.04911,0.04956
2022-01-05,0.05,0.04967,0.04911,0.04956
2022-01-04,0.05,0.04967,0.04911,0.04956
2022-01-03,0.05,0.04967,0.04911,0.04956
2021-12-31,0.05,0.04967,0.04911,0.04956
2021-12-30,0.05,0.04967,0.04911,0.04956
2021-12-29,0.05,0.04967,0.04911,0.04956
2021-12-28,0.05,0.04967,0.04911,0.04956
2021-12-27,0.05,0.04967,0.04911,0.04956
2021-12-23,0.05,0.04967,0.04911,0.04956
2021-12-22,0.05,0.04967,0.04911,0.04956
2021-12-21,0.05,0.04967,0.04911,0.04956
2021-12-20,0.04,0.05,0.04923,0.04962
2021-12-17,0.05,0.05,0.04923,0.04962
2021-12-16,0.05,0.05,0.04923,0.04962
2021-12-15,0.05,0.05,0.04923,0.04962
2021-12-14,0.05,0.05,0.04923,0.04962
2021-12-13,0.05,0.05,0.04923,0.04939
2021-12-10,0.05,0.05,0.04923,0.04873
2021-12-09,0.05,0.05,0.04923,0.04851
2021-12-08,0.05,0.05,0.04923,0.04828
2021-12-07,0.05,0.05,0.04923,0.04806
2021-12-06,0.05,0.05,0.04923,0.04784
2021-12-03,0.05,0.05,0.04923,0.04717
2021-12-02,0.05,0.05,0.04923,0.04695
2021-12-01,0.05,0.05,0.04923,0.04673
2021-11-30,0.05,0.05,0.04923,0.04651
2021-11-29,0.05,0.05,0.04923,0.04628
2021-11-26,0.05,0.05,0.04923,0.04562
2021-11-24,0.05,0.04967,0.04923,0.04517
2021-11-23,0.05,0.04967,0.04923,0.04495
2021-11-22,0.05,0.04967,0.04923,0.04473
2021-11-19,0.05,0.04833,0.04923,0.04406
2021-11-18,0.05,0.04767,0.04923,0.04384
2021-11-17,0.05,0.04767,0.04923,0.04362
2021-11-16,0.05,0.04767,0.04923,0.04339
2021-11-15,0.05,0.04767,0.04923,0.04317
2021-11-12,0.05,0.04767,0.04923,0.0425
2021-11-10,0.05,0.04767,0.04923,0.04206
2021-11-09,0.05,0.04767,0.04923,0.04184
2021-11-08,0.05,0.04767,0.04923,0.04162
2021-11-05,0.05,0.04767,0.04923,0.04095
2021-11-04,0.05,0.04767,0.04923,0.04073
2021-11-03,0.05,0.04767,0.04923,0.0405
2021-11-02,0.05,0.04767,0.04923,0.04028
2021-11-01,0.05,0.04767,0.04923,0.04006
2021-10-29,0.05,0.04767,0.04923,0.03939
2021-10-28,0.05,0.04767,0.04923,0.03917
2021-10-27,0.05,0.04767,0.04923,0.03895
2021-10-26,0.05,0.04767,0.04923,0.03873
2021-10-25,0.04,0.048,0.04934,0.03856
2021-10-22,0.05,0.048,0.04934,0.03789
2021-10-21,0.03,0.04867,0.04956,0.03778
2021-10-20,0.03,0.04933,0.04978,0.03767
2021-10-19,0.03,0.05,0.05,0.03756
2021-10-18,0.05,0.05,0.05,0.03734
2021-10-15,0.05,0.05,0.05,0.03667
2021-10-14,0.05,0.05,0.05,0.03645
2021-10-13,0.05,0.05,0.05,0.03623
2021-10-12,0.05,0.05,0.05,0.036
2021-10-08,0.05,0.05,0.05,0.03511
2021-10-07,0.05,0.05,0.05,0.03489
2021-10-06,0.05,0.05,0.05,0.03467
2021-10-05,0.05,0.05,0.05,0.03445
2021-10-04,0.05,0.05,0.05,0.03423
2021-10-01,0.05,0.05,0.05,0.03356
2021-09-30,0.05,0.05,0.05,0.03334
2021-09-29,0.05,0.05,0.05,0.03311
2021-09-28,0.05,0.05,0.05,0.03289
2021-09-27,0.05,0.05,0.05,0.03267
2021-09-24,0.05,0.05,0.05,0.032
2021-09-23,0.05,0.05,0.05,0.03178
2021-09-22,0.05,0.05,0.05,0.03156
2021-09-21,0.05,0.05,0.05,0.03134
2021-09-20,0.05,0.05,0.05,0.03111
2021-09-17,0.05,0.05,0.05,0.03045
2021-09-16,0.05,0.05,0.05,0.03022
2021-09-15,0.05,0.05,0.05,0.03
2021-09-14,0.05,0.05,0.04956,0.02978
2021-09-13,0.05,0.05,0.04911,0.02956
2021-09-10,0.05,0.05,0.04778,0.02889
2021-09-09,0.05,0.05,0.04734,0.02867
2021-09-08,0.05,0.05,0.04689,0.02845
2021-09-07,0.05,0.05,0.04645,0.02822
2021-09-03,0.05,0.05,0.04467,0.02756
2021-09-02,0.05,0.05,0.04422,0.02739
2021-09-01,0.05,0.05,0.04378,0.02722
2021-08-31,0.05,0.05,0.04334,0.02706
2021-08-30,0.05,0.05,0.04289,0.027
2021-08-27,0.05,0.05,0.04156,0.02656
2021-08-26,0.05,0.05,0.04111,0.02634
2021-08-25,0.05,0.05,0.04067,0.02611
2021-08-24,0.05,0.05,0.04022,0.026
2021-08-23,0.05,0.05,0.03978,0.02583
2021-08-20,0.05,0.05,0.03845,0.02533
2021-08-19,0.05,0.05,0.038,0.02517
2021-08-18,0.05,0.05,0.03756,0.025
2021-08-17,0.05,0.05,0.03711,0.02489
2021-08-16,0.05,0.05,0.03667,0.02495
2021-08-13,0.05,0.05,0.03533,0.025
2021-08-12,0.05,0.05,0.03489,0.025
2021-08-11,0.05,0.05,0.03445,0.025
2021-08-10,0.05,0.05,0.034,0.02506
2021-08-09,0.05,0.05,0.03356,0.02511
2021-08-06,0.05,0.05,0.03222,0.02478
2021-08-05,0.05,0.05,0.03178,0.02461
2021-08-04,0.05,0.05,0.03133,0.02445
2021-08-03,0.05,0.05,0.03089,0.02445
2021-08-02,0.05,0.05,0.03045,0.02456
2021-07-30,0.05,0.05,0.02911,0.02483
2021-07-29,0.05,0.05,0.02867,0.02489
2021-07-28,0.05,0.05,0.02822,0.02495
2021-07-27,0.05,0.05,0.02778,0.02489
2021-07-26,0.05,0.05,0.02733,0.02478
2021-07-23,0.05,0.05,0.026,0.02472
2021-07-22,0.05,0.05,0.02556,0.02472
2021-07-21,0.05,0.05,0.02511,0.02472
2021-07-20,0.05,0.05,0.02467,0.02467
2021-07-19,0.05,0.05,0.02422,0.02472
2021-07-16,0.05,0.04867,0.02289,0.02517
2021-07-15,0.05,0.04733,0.02245,0.02533
2021-07-14,0.05,0.046,0.022,0.0255
2021-07-13,0.05,0.04467,0.02156,0.02567
2021-07-12,0.05,0.04333,0.02111,0.02583
2021-07-09,0.05,0.03933,0.01978,0.02645
2021-07-08,0.05,0.038,0.01933,0.02667
2021-07-07,0.05,0.03667,0.01889,0.02689
2021-07-06,0.05,0.03533,0.01844,0.02717
2021-07-02,0.05,0.03,0.01667,0.02817
2021-07-01,0.05,0.02867,0.01622,0.02828
2021-06-30,0.05,0.02733,0.01578,0.02839
2021-06-29,0.05,0.026,0.01533,0.0285
2021-06-28,0.05,0.02467,0.01489,0.02872
2021-06-25,0.05,0.02067,0.01356,0.02939
2021-06-24,0.05,0.01933,0.01311,0.02956
2021-06-23,0.05,0.018,0.01267,0.02972
2021-06-22,0.05,0.01667,0.01222,0.02989
2021-06-21,0.05,0.01533,0.01178,0.02995
2021-06-18,0.05,0.01133,0.01044,0.0305
2021-06-17,0.05,0.01,0.01,0.03072
2021-06-16,0.01,0.01,0.01,0.03117
2021-06-15,0.01,0.01,0.01,0.03161
2021-06-14,0.01,0.01,0.01,0.03206
2021-06-11,0.01,0.01,0.01,0.03328
2021-06-10,0.01,0.01,0.01,0.03367
2021-06-09,0.01,0.01,0.01,0.03406
2021-06-08,0.01,0.01,0.01011,0.03445
2021-06-07,0.01,0.01,0.01022,0.03484
2021-06-04,0.01,0.01,0.01056,0.036
2021-06-03,0.01,0.01,0.01067,0.03645
2021-06-02,0.01,0.01,0.01078,0.03689
2021-06-01,0.01,0.01,0.01111,0.03728
2021-05-28,0.01,0.01,0.01156,0.03889
2021-05-27,0.01,0.01,0.01156,0.03928
2021-05-26,0.01,0.01,0.01178,0.03967
2021-05-25,0.01,0.01,0.01189,0.04006
2021-05-24,0.01,0.01,0.01189,0.04045
2021-05-21,0.01,0.01,0.01233,0.04123
2021-05-20,0.01,0.01,0.01244,0.04145
2021-05-19,0.01,0.01,0.01267,0.04167
2021-05-18,0.01,0.01,0.01322,0.04195
2021-05-17,0.01,0.01,0.01378,0.04228
2021-05-14,0.01,0.01,0.01511,0.04367
2021-05-13,0.01,0.01,0.01556,0.04412
2021-05-12,0.01,0.01,0.01611,0.04456
2021-05-11,0.01,0.01,0.01667,0.045
2021-05-10,0.01,0.01,0.01711,0.04551
2021-05-07,0.01,0.01,0.01744,0.04701
2021-05-06,0.01,0.01,0.01756,0.04751
2021-05-05,0.01,0.01,0.018,0.04801
2021-05-04,0.01,0.01,0.01867,0.04856
2021-05-03,0.01,0.01,0.01933,0.04906
2021-04-30,0.01,0.01,0.02111,0.05056
2021-04-29,0.01,0.01,0.02167,0.05101
2021-04-28,0.01,0.01,0.022,0.05145
2021-04-27,0.01,0.01,0.02222,0.0519
2021-04-26,0.01,0.01,0.02245,0.05228
2021-04-23,0.01,0.01,0.02389,0.05356
2021-04-22,0.01,0.01,0.02433,0.05395
2021-04-21,0.01,0.01,0.02467,0.05434
2021-04-20,0.01,0.01,0.02522,0.05467
2021-04-19,0.01,0.01,0.02589,0.05501
2021-04-16,0.01,0.01,0.02822,0.05629
2021-04-15,0.01,0.01,0.029,0.05673
2021-04-14,0.01,0.01,0.02978,0.05717
2021-04-13,0.01,0.01,0.03056,0.05767
2021-04-12,0.01,0.01,0.03133,0.05812
2021-04-09,0.01,0.01033,0.034,0.05945
2021-04-08,0.01,0.01067,0.03489,0.0599
2021-04-07,0.01,0.011,0.03589,0.06034
2021-04-06,0.01,0.01133,0.03689,0.06073
2021-04-05,0.01,0.01167,0.038,0.06118
2021-04-01,0.01,0.01433,0.041,0.06312
2021-03-31,0.01,0.01467,0.04167,0.06362
2021-03-30,0.01,0.01467,0.04256,0.06401
2021-03-29,0.01,0.01467,0.04356,0.0644
2021-03-26,0.01,0.01567,0.046,0.06551
2021-03-25,0.01,0.01567,0.04678,0.0659
2021-03-24,0.01,0.01633,0.04756,0.06629
2021-03-23,0.01,0.01667,0.04811,0.06662
2021-03-22,0.01,0.017,0.04878,0.0669
2021-03-19,0.01,0.01967,0.05145,0.06807
2021-03-18,0.01,0.02133,0.05234,0.06851
2021-03-17,0.01,0.02267,0.05323,0.06896
2021-03-16,0.01,0.024,0.05411,0.06946
2021-03-15,0.01,0.02533,0.055,0.06996
2021-03-12,0.01,0.03,0.05734,0.07135
2021-03-11,0.01,0.03133,0.05812,0.07179
2021-03-10,0.02,0.03133,0.05878,0.07218
2021-03-09,0.02,0.03133,0.05945,0.07257
2021-03-08,0.02,0.03133,0.06,0.07296
2021-03-05,0.02,0.034,0.06223,0.07412
2021-03-04,0.02,0.03567,0.063,0.07451
2021-03-03,0.04,0.03667,0.06345,0.07479
2021-03-02,0.04,0.03733,0.06389,0.07513
2021-03-01,0.02,0.03867,0.06456,0.07551
2021-02-26,0.01,0.042,0.06701,0.07674
2021-02-25,0.03,0.042,0.06756,0.07696
2021-02-24,0.02,0.04333,0.06823,0.07724
2021-02-23,0.01,0.04467,0.06901,0.07757
2021-02-22,0.03,0.04533,0.06945,0.07779
2021-02-19,0.02,0.04833,0.07045,0.07874
2021-02-18,0.03,0.04967,0.07067,0.07896
2021-02-17,0.06,0.05033,0.07067,0.07902
2021-02-16,0.06,0.051,0.07078,0.07907
2021-02-12,0.05,0.055,0.07267,0.08002
2021-02-11,0.06,0.05567,0.07301,0.08018
2021-02-10,0.06,0.05667,0.07334,0.08035
2021-02-09,0.05,0.058,0.0739,0.08057
2021-02-08,0.02,0.06033,0.07478,0.08096
2021-02-05,0.02,0.068,0.07745,0.08218
2021-02-04,0.05,0.07,0.07801,0.08241
2021-02-03,0.07,0.071,0.07845,0.08252
2021-02-02,0.07,0.071,0.07879,0.08263
2021-02-01,0.07,0.071,0.07912,0.08274
2021-01-29,0.06,0.07267,0.08034,0.08335
2021-01-28,0.04,0.07467,0.0809,0.08368
2021-01-27,0.03,0.07667,0.08156,0.08407
2021-01-26,0.03,0.07834,0.08212,0.08446
2021-01-25,0.06,0.079,0.08245,0.08463
2021-01-22,0.05,0.08134,0.08356,0.08546
2021-01-21,0.04,0.08234,0.08401,0.0858
2021-01-20,0.06,0.08334,0.08412,0.08602
2021-01-19,0.07,0.084,0.08412,0.08619
2021-01-15,0.08,0.08534,0.08445,0.08691
2021-01-14,0.08,0.08567,0.08456,0.08713
2021-01-13,0.08,0.08567,0.08479,0.08735
2021-01-12,0.08,0.08567,0.0849,0.08757
2021-01-11,0.09,0.08534,0.0849,0.0878
2021-01-08,0.09,0.08434,0.0849,0.08802
2021-01-07,0.1,0.08334,0.08479,0.08802
2021-01-06,0.1,0.08267,0.08456,0.08802
2021-01-05,0.11,0.082,0.08434,0.08796
2021-01-04,0.1,0.08167,0.08434,0.08796
2020-12-31,0.07,0.08334,0.08556,0.08874
2020-12-30,0.09,0.08334,0.08545,0.08885
2020-12-29,0.1,0.08267,0.08523,0.08891
2020-12-28,0.09,0.08234,0.08501,0.08902
2020-12-24,0.08,0.082,0.08501,0.08913
2020-12-23,0.06,0.08167,0.08512,0.08924
2020-12-22,0.07,0.081,0.08501,0.08935
2020-12-21,0.09,0.07967,0.08479,0.0893
2020-12-18,0.09,0.07667,0.08468,0.08913
2020-12-17,0.09,0.07667,0.08468,0.08913
2020-12-16,0.09,0.077,0.08479,0.08913
2020-12-15,0.09,0.077,0.0849,0.08913
2020-12-14,0.08,0.07734,0.08512,0.08919
2020-12-11,0.08,0.07867,0.08545,0.0893
2020-12-10,0.08,0.07934,0.08556,0.0893
2020-12-09,0.08,0.08,0.08568,0.0893
2020-12-08,0.07,0.081,0.0859,0.08935
2020-12-07,0.08,0.08167,0.08601,0.0893
2020-12-04,0.09,0.083,0.08601,0.08902
2020-12-03,0.08,0.08367,0.08612,0.08896
2020-12-02,0.08,0.08467,0.08634,0.08891
2020-12-01,0.08,0.085,0.08645,0.08885
2020-11-30,0.09,0.085,0.08645,0.08869
2020-11-27,0.08,0.08567,0.08634,0.08841
2020-11-25,0.08,0.08634,0.08612,0.08819
2020-11-24,0.07,0.08667,0.08612,0.08813
2020-11-23,0.05,0.08767,0.08645,0.08819
2020-11-20,0.05,0.09,0.08723,0.08813
2020-11-19,0.06,0.09067,0.08734,0.08802
2020-11-18,0.07,0.09134,0.08734,0.08785
2020-11-17,0.09,0.09134,0.08734,0.08746
2020-11-16,0.1,0.091,0.08723,0.08696
2020-11-13,0.09,0.09134,0.08734,0.08619
2020-11-12,0.09,0.09134,0.08734,0.08596
2020-11-10,0.1,0.09067,0.08712,0.08524
2020-11-09,0.1,0.09034,0.08712,0.08491
2020-11-06,0.1,0.089,0.08679,0.08424
2020-11-05,0.11,0.08867,0.08656,0.08396
2020-11-04,0.1,0.08834,0.08645,0.08374
2020-11-03,0.1,0.08834,0.08634,0.08346
2020-11-02,0.11,0.088,0.08612,0.08313
2020-10-30,0.09,0.08767,0.08645,0.08235
2020-10-29,0.09,0.087,0.08656,0.08202
2020-10-28,0.08,0.087,0.08679,0.08174
2020-10-27,0.09,0.08667,0.08679,0.08146
2020-10-26,0.09,0.08634,0.0869,0.08102
2020-10-23,0.08,0.08534,0.08756,0.08007
2020-10-22,0.07,0.08534,0.0879,0.07985
2020-10-21,0.07,0.08567,0.08823,0.07963
2020-10-20,0.08,0.086,0.08845,0.07924
2020-10-19,0.09,0.086,0.08868,0.07879
2020-10-16,0.09,0.08667,0.08968,0.07763
2020-10-15,0.1,0.08667,0.0899,0.07724
2020-10-14,0.09,0.08667,0.09023,0.0769
2020-10-13,0.09,0.08667,0.09068,0.07657
2020-10-09,0.09,0.08667,0.09123,0.07524
2020-10-08,0.08,0.087,0.09145,0.07485
2020-10-07,0.09,0.087,0.09157,0.0744
2020-10-06,0.1,0.08667,0.09157,0.0739
2020-10-05,0.09,0.08667,0.09168,0.07346
2020-10-02,0.1,0.086,0.0919,0.07196
2020-10-01,0.08,0.08634,0.09223,0.07157
2020-09-30,0.08,0.08667,0.09257,0.07118
2020-09-29,0.07,0.08667,0.09301,0.07085
2020-09-28,0.08,0.08634,0.09323,0.07046
2020-09-25,0.08,0.08534,0.09323,0.06929
2020-09-24,0.07,0.08567,0.09334,0.06896
2020-09-23,0.06,0.08634,0.09368,0.06868
2020-09-22,0.07,0.08634,0.09379,0.06834
2020-09-21,0.08,0.086,0.09368,0.06796
2020-09-18,0.09,0.08467,0.09357,0.06684
2020-09-17,0.1,0.08434,0.09346,0.06651
2020-09-16,0.1,0.08434,0.09334,0.06618
2020-09-15,0.1,0.084,0.09323,0.06596
2020-09-14,0.09,0.084,0.09323,0.06601
2020-09-11,0.09,0.084,0.09301,0.07507
2020-09-10,0.09,0.08434,0.0929,0.08068
2020-09-09,0.09,0.08434,0.09279,0.0863
2020-09-08,0.09,0.08434,0.09257,0.09246
2020-09-04,0.09,0.08434,0.09179,0.1152
2020-09-03,0.1,0.084,0.09145,0.12076
2020-09-02,0.09,0.08434,0.09123,0.12637
2020-09-01,0.09,0.08467,0.0909,0.1321
2020-08-31,0.09,0.085,0.09068,0.13843
2020-08-28,0.07,0.08767,0.09034,0.16412
2020-08-27,0.07,0.08867,0.09023,0.17263
2020-08-26,0.07,0.08967,0.09012,0.18113
2020-08-25,0.08,0.09034,0.0899,0.18947
2020-08-24,0.08,0.091,0.08968,0.19781
2020-08-21,0.07,0.094,0.08868,0.22306
2020-08-20,0.07,0.09534,0.08834,0.23146
2020-08-19,0.09,0.09634,0.08756,0.23975
2020-08-18,0.09,0.09734,0.08668,0.24815
2020-08-17,0.1,0.098,0.08601,0.25643
2020-08-14,0.09,0.10134,0.08456,0.28141
2020-08-13,0.09,0.102,0.08412,0.2897
2020-08-12,0.09,0.10234,0.08334,0.29799
2020-08-11,0.1,0.10234,0.08268,0.30617
2020-08-10,0.09,0.10267,0.08234,0.3144
2020-08-07,0.09,0.10367,0.08134,0.33928
2020-08-06,0.09,0.104,0.08101,0.34757
2020-08-05,0.09,0.10434,0.08056,0.35586
2020-08-04,0.09,0.105,0.08012,0.36421
2020-08-03,0.1,0.10534,0.07956,0.3725
2020-07-31,0.1,0.10634,0.07745,0.39749
2020-07-30,0.1,0.10634,0.07667,0.40584
2020-07-29,0.09,0.106,0.07612,0.41425
2020-07-28,0.1,0.10534,0.07512,0.42249
2020-07-27,0.1,0.10467,0.07412,0.43045
2020-07-24,0.1,0.103,0.07178,0.45433
2020-07-23,0.1,0.102,0.07101,0.46229
2020-07-22,0.1,0.10134,0.07001,0.47026
2020-07-21,0.11,0.10067,0.06889,0.47822
2020-07-20,0.12,0.09967,0.06767,0.48613
2020-07-17,0.12,0.09667,0.06456,0.50985
2020-07-16,0.12,0.09567,0.06356,0.51776
2020-07-15,0.13,0.09434,0.06245,0.52561
2020-07-14,0.11,0.09334,0.06156,0.53363
2020-07-13,0.1,0.09267,0.06112,0.54177
2020-07-10,0.1,0.09034,0.05823,0.56594
2020-07-09,0.1,0.08967,0.05723,0.57402
2020-07-08,0.1,0.08867,0.05623,0.5821
2020-07-07,0.1,0.08767,0.05523,0.59018
2020-07-06,0.1,0.08667,0.05423,0.59826
2020-07-02,0.11,0.081,0.04978,0.63041
2020-07-01,0.11,0.07934,0.04867,0.63843
2020-06-30,0.1,0.078,0.04767,0.64646
2020-06-29,0.08,0.07734,0.04689,0.65465
2020-06-26,0.08,0.07534,0.04456,0.67907
2020-06-25,0.09,0.07434,0.04367,0.68709
2020-06-24,0.08,0.073,0.04289,0.69518
2020-06-23,0.07,0.072,0.04222,0.70326
2020-06-22,0.08,0.07067,0.04145,0.71129
2020-06-19,0.09,0.064,0.03956,0.73526
2020-06-18,0.09,0.06233,0.039,0.74329
2020-06-17,0.09,0.06067,0.03867,0.75132
2020-06-16,0.09,0.05933,0.03878,0.75935
2020-06-15,0.09,0.058,0.04378,0.76738
2020-06-12,0.08,0.05367,0.06845,0.79225
2020-06-11,0.08,0.053,0.07978,0.8004
2020-06-10,0.07,0.05267,0.09234,0.8086
2020-06-09,0.08,0.052,0.10423,0.81668
2020-06-08,0.07,0.05167,0.11579,0.82488
2020-06-05,0.07,0.05,0.15002,0.84971
2020-06-04,0.07,0.04933,0.16147,0.85797
2020-06-03,0.06,0.049,0.17326,0.86628
2020-06-02,0.07,0.04767,0.18615,0.87454
2020-06-01,0.06,0.04667,0.20371,0.88279
2020-05-29,0.06,0.04333,0.25496,0.90874
2020-05-28,0.06,0.04167,0.27208,0.91762
2020-05-27,0.06,0.04067,0.28898,0.92649
2020-05-26,0.06,0.03967,0.30588,0.93481
2020-05-22,0.04,0.037,0.3745,0.96869
2020-05-21,0.02,0.03667,0.39184,0.97739
2020-05-20,0.01,0.037,0.40953,0.98616
2020-05-19,0.04,0.03667,0.42677,0.99476
2020-05-18,0.04,0.03633,0.44412,1.0033
2020-05-15,0.05,0.03433,0.49518,1.02882
2020-05-14,0.02,0.03567,0.51253,1.03758
2020-05-13,0.04,0.035,0.52955,1.04624
2020-05-12,0.06,0.03333,0.54635,1.05473
2020-05-11,0.06,0.03167,0.56326,1.06316
2020-05-08,0.06,0.02667,0.614,1.08835
2020-05-07,0.05,0.02533,0.63103,1.09678
2020-05-06,0.05,0.024,0.64816,1.10522
2020-05-05,0.05,0.02267,0.6653,1.11365
2020-05-04,0.05,0.02133,0.68255,1.12214
2020-05-01,0.03,0.01933,0.73487,1.14801
2020-04-30,0.04,0.01833,0.75223,1.15662
2020-04-29,0.01,0.01833,0.76971,1.16539
2020-04-28,0.01,0.01833,0.78663,1.17517
2020-04-27,0.03,0.01767,0.80333,1.18517
2020-04-24,0.03,0.01567,0.85343,1.21524
2020-04-23,0.01,0.01567,0.87035,1.22546
2020-04-22,0.01,0.016,0.88739,1.23569
2020-04-21,0.01,0.017,0.90443,1.24603
2020-04-20,0.02,0.01767,0.92136,1.25638
2020-04-17,0.03,0.02133,0.9718,1.28724
2020-04-16,0.03,0.03833,0.98862,1.29758
2020-04-15,0.03,0.046,1.00555,1.30792
2020-04-14,0.06,0.08067,1.02226,1.31849
2020-04-13,0.02,0.11667,1.0393,1.32984
2020-04-09,0.01,0.26736,1.10782,1.37184
2020-04-08,0.01,0.30336,1.12498,1.38214
2020-04-07,0.01,0.33971,1.14213,1.39243
2020-04-06,0.01,0.37605,1.15941,1.40272
2020-04-03,0.01,0.49009,1.21089,1.43333
2020-04-02,0.01,0.54444,1.22805,1.44345
2020-04-01,0.01,0.59713,1.2451,1.45358
2020-03-31,0.01,0.65016,1.26227,1.46382
2020-03-30,0.01,0.70318,1.27943,1.47412
2020-03-27,0.01,0.86095,1.33037,1.50781
2020-03-26,0.01,0.91365,1.34732,1.51794
2020-03-25,0.01,0.96602,1.36415,1.52807
2020-03-24,0.01,1.0184,1.38099,1.53837
2020-03-23,0.02,1.07044,1.39771,1.54951
2020-03-20,0.04,1.22558,1.44744,1.58059
2020-03-19,0.06,1.27697,1.46383,1.59066
2020-03-18,0.1,1.32635,1.47978,1.60052
2020-03-17,0.54,1.36105,1.49082,1.60842
2020-03-16,0.26,1.4051,1.50509,1.62124
2020-03-13,1.1,1.45248,1.52071,1.65809
2020-03-12,1.2,1.46517,1.5245,1.66369
2020-03-11,1.15,1.47952,1.52874,1.66957
2020-03-10,1.11,1.4952,1.53353,1.67568
2020-03-09,1.09,1.51155,1.53866,1.68162
2020-03-06,1.1,1.56028,1.55383,1.69904
2020-03-05,1.12,1.5763,1.55863,1.70481
2020-03-04,1.23,1.58831,1.5622,1.70996
2020-03-03,1.64,1.58698,1.56108,1.71316
2020-03-02,1.59,1.58731,1.56063,1.71663
2020-02-28,1.6,,,
2020-02-27,1.58,,,
2020-02-26,1.58,,,
2020-02-25,1.59,,,
2020-02-24,1.58,,,
2020-02-21,1.58,,,
2020-02-20,1.6,,,
2020-02-19,1.59,,,
2020-02-18,1.6,,,
2020-02-14,1.58,,,
2020-02-13,1.57,,,
2020-02-12,1.57,,,
2020-02-11,1.58,,,
2020-02-10,1.58,,,
2020-02-07,1.58,,,
2020-02-06,1.59,,,
2020-02-05,1.59,,,
2020-02-04,1.6,,,
2020-02-03,1.59,,,
2020-01-31,1.6,,,
2020-01-30,1.58,,,
2020-01-29,1.53,,,
2020-01-28,1.53,,,
2020-01-27,1.53,,,
2020-01-24,1.53,,,
2020-01-23,1.54,,,
2020-01-22,1.54,,,
2020-01-21,1.54,,,
2020-01-17,1.54,,,
2020-01-16,1.55,,,
2020-01-15,1.56,,,
2020-01-14,1.55,,,
2020-01-13,1.54,,,
2020-01-10,1.55,,,
2020-01-09,1.55,,,
2020-01-08,1.55,,,
2020-01-07,1.56,,,
2020-01-06,1.55,,,
2020-01-03,1.55,,,
2020-01-02,1.54,,,
2019-12-31,1.55,,,
2019-12-30,1.54,,,
2019-12-27,1.53,,,
2019-12-26,1.52,,,
2019-12-24,1.52,,,
2019-12-23,1.52,,,
2019-12-20,1.53,,,
2019-12-19,1.53,,,
2019-12-18,1.53,,,
2019-12-17,1.54,,,
2019-12-16,1.62,,,
2019-12-13,1.54,,,
2019-12-12,1.53,,,
2019-12-11,1.54,,,
2019-12-10,1.55,,,
2019-12-09,1.56,,,
2019-12-06,1.55,,,
2019-12-05,1.55,,,
2019-12-04,1.54,,,
2019-12-03,1.55,,,
2019-12-02,1.63,,,
2019-11-29,1.65,,,
2019-11-27,1.55,,,
2019-11-26,1.54,,,
2019-11-25,1.56,,,
2019-11-22,1.58,,,
2019-11-21,1.58,,,
2019-11-20,1.57,,,
2019-11-19,1.57,,,
2019-11-18,1.56,,,
2019-11-15,1.59,,,
2019-11-14,1.58,,,
2019-11-13,1.57,,,
2019-11-12,1.57,,,
2019-11-08,1.56,,,
2019-11-07,1.56,,,
2019-11-06,1.57,,,
2019-11-05,1.58,,,
2019-11-04,1.56,,,
2019-11-01,1.58,,,
2019-10-31,1.76,,,
2019-10-30,1.82,,,
2019-10-29,1.81,,,
2019-10-28,1.82,,,
2019-10-25,1.84,,,
2019-10-24,1.86,,,
2019-10-23,1.87,,,
2019-10-22,1.87,,,
2019-10-21,1.86,,,
2019-10-18,1.88,,,
2019-10-17,1.95,,,
2019-10-16,2.05,,,
2019-10-15,2.0,,,
2019-10-11,1.85,,,
2019-10-10,1.85,,,
2019-10-09,1.85,,,
2019-10-08,1.85,,,
2019-10-07,1.83,,,
2019-10-04,1.82,,,
2019-10-03,1.84,,,
2019-10-02,1.85,,,
2019-10-01,1.88,,,
2019-09-30,2.35,,,
2019-09-27,1.82,,,
2019-09-26,1.85,,,
2019-09-25,2.01,,,
2019-09-24,1.96,,,
2019-09-23,1.85,,,
2019-09-20,1.86,,,
2019-09-19,1.95,,,
2019-09-18,2.55,,,
2019-09-17,5.25,,,
2019-09-16,2.43,,,
2019-09-13,2.2,,,
2019-09-12,2.2,,,
2019-09-11,2.15,,,
2019-09-10,2.14,,,
2019-09-09,2.12,,,
2019-09-06,2.15,,,
2019-09-05,2.21,,,
2019-09-04,2.21,,,
2019-09-03,2.17,,,
2019-08-30,2.16,,,
2019-08-29,2.12,,,
2019-08-28,2.12,,,
2019-08-27,2.15,,,
2019-08-26,2.1,,,
2019-08-23,2.1,,,
2019-08-22,2.09,,,
2019-08-21,2.1,,,
2019-08-20,2.13,,,
2019-08-19,2.11,,,
2019-08-16,2.13,,,
2019-08-15,2.18,,,
2019-08-14,2.13,,,
2019-08-13,2.16,,,
2019-08-12,2.12,,,
2019-08-09,2.11,,,
2019-08-08,2.09,,,
2019-08-07,2.1,,,
2019-08-06,2.11,,,
2019-08-05,2.13,,,
2019-08-02,2.19,,,
2019-08-01,2.19,,,
2019-07-31,2.55,,,
2019-07-30,2.39,,,
2019-07-29,2.4,,,
2019-07-26,2.41,,,
2019-07-25,2.42,,,
2019-07-24,2.41,,,
2019-07-23,2.4,,,
2019-07-22,2.4,,,
2019-07-19,2.41,,,
2019-07-18,2.46,,,
2019-07-17,2.47,,,
2019-07-16,2.47,,,
2019-07-15,2.46,,,
2019-07-12,2.36,,,
2019-07-11,2.41,,,
2019-07-10,2.46,,,
2019-07-09,2.45,,,
2019-07-08,2.48,,,
2019-07-05,2.59,,,
2019-07-03,2.56,,,
2019-07-02,2.51,,,
2019-07-01,2.42,,,
2019-06-28,2.5,,,
2019-06-27,2.42,,,
2019-06-26,2.43,,,
2019-06-25,2.41,,,
2019-06-24,2.39,,,
2019-06-21,2.37,,,
2019-06-20,2.36,,,
2019-06-19,2.36,,,
2019-06-18,2.39,,,
2019-06-17,2.41,,,
2019-06-14,2.35,,,
2019-06-13,2.35,,,
2019-06-12,2.37,,,
2019-06-11,2.38,,,
2019-06-10,2.39,,,
2019-06-07,2.39,,,
2019-06-06,2.4,,,
2019-06-05,2.4,,,
2019-06-04,2.39,,,
2019-06-03,2.4,,,
2019-05-31,2.49,,,
2019-05-30,2.4,,,
2019-05-29,2.4,,,
2019-05-28,2.41,,,
2019-05-24,2.37,,,
2019-05-23,2.37,,,
2019-05-22,2.37,,,
2019-05-21,2.38,,,
2019-05-20,2.39,,,
2019-05-17,2.42,,,
2019-05-16,2.43,,,
2019-05-15,2.48,,,
2019-05-14,2.39,,,
2019-05-13,2.38,,,
2019-05-10,2.4,,,
2019-05-09,2.41,,,
2019-05-08,2.43,,,
2019-05-07,2.44,,,
2019-05-06,2.42,,,
2019-05-03,2.43,,,
2019-05-02,2.5,,,
2019-05-01,2.54,,,
2019-04-30,2.76,,,
2019-04-29,2.48,,,
2019-04-26,2.46,,,
2019-04-25,2.45,,,
2019-04-24,2.44,,,
2019-04-23,2.46,,,
2019-04-22,2.46,,,
2019-04-18,2.5,,,
2019-04-17,2.5,,,
2019-04-16,2.47,,,
2019-04-15,2.47,,,
2019-04-12,2.44,,,
2019-04-11,2.44,,,
2019-04-10,2.45,,,
2019-04-09,2.45,,,
2019-04-08,2.46,,,
2019-04-05,2.46,,,
2019-04-04,2.46,,,
2019-04-03,2.47,,,
2019-04-02,2.46,,,
2019-04-01,2.46,,,
2019-03-29,2.65,,,
2019-03-28,2.43,,,
2019-03-27,2.4,,,
2019-03-26,2.4,,,
2019-03-25,2.4,,,
2019-03-22,2.4,,,
2019-03-21,2.44,,,
2019-03-20,2.47,,,
2019-03-19,2.42,,,
2019-03-18,2.41,,,
2019-03-15,2.46,,,
2019-03-14,2.42,,,
2019-03-13,2.4,,,
2019-03-12,2.39,,,
2019-03-11,2.38,,,
2019-03-08,2.39,,,
2019-03-07,2.38,,,
2019-03-06,2.38,,,
2019-03-05,2.38,,,
2019-03-04,2.38,,,
2019-03-01,2.38,,,
2019-02-28,2.58,,,
2019-02-27,2.37,,,
2019-02-26,2.38,,,
2019-02-25,2.38,,,
2019-02-22,2.4,,,
2019-02-21,2.39,,,
2019-02-20,2.39,,,
2019-02-19,2.4,,,
2019-02-15,2.43,,,
2019-02-14,2.39,,,
2019-02-13,2.38,,,
2019-02-12,2.39,,,
2019-02-11,2.4,,,
2019-02-08,2.37,,,
2019-02-07,2.38,,,
2019-02-06,2.38,,,
2019-02-05,2.4,,,
2019-02-04,2.4,,,
2019-02-01,2.47,,,
2019-01-31,2.58,,,
2019-01-30,2.39,,,
2019-01-29,2.4,,,
2019-01-28,2.39,,,
2019-01-25,2.4,,,
2019-01-24,2.41,,,
2019-01-23,2.4,,,
2019-01-22,2.41,,,
2019-01-18,2.42,,,
2019-01-17,2.41,,,
2019-01-16,2.43,,,
2019-01-15,2.46,,,
2019-01-14,2.4,,,
2019-01-11,2.41,,,
2019-01-10,2.43,,,
2019-01-09,2.45,,,
2019-01-08,2.42,,,
2019-01-07,2.41,,,
2019-01-04,2.45,,,
2019-01-03,2.7,,,
2019-01-02,3.15,,,
2018-12-31,3.0,,,
2018-12-28,2.46,,,
2018-12-27,2.44,,,
2018-12-26,2.44,,,
2018-12-24,2.41,,,
2018-12-21,2.4,,,
2018-12-20,2.41,,,
2018-12-19,2.3,,,
2018-12-18,2.32,,,
2018-12-17,2.31,,,
2018-12-14,2.21,,,
2018-12-13,2.21,,,
2018-12-12,2.2,,,
2018-12-11,2.19,,,
2018-12-10,2.22,,,
2018-12-07,2.3,,,
2018-12-06,2.34,,,
2018-12-04,2.27,,,
2018-12-03,2.23,,,
2018-11-30,2.28,,,
2018-11-29,2.24,,,
2018-11-28,2.19,,,
2018-11-27,2.19,,,
2018-11-26,2.2,,,
2018-11-23,2.23,,,
2018-11-21,2.18,,,
2018-11-20,2.2,,,
2018-11-19,2.24,,,
2018-11-16,2.26,,,
2018-11-15,2.28,,,
2018-11-14,2.2,,,
2018-11-13,2.2,,,
2018-11-09,2.2,,,
2018-11-08,2.21,,,
2018-11-07,2.18,,,
2018-11-06,2.22,,,
2018-11-05,2.24,,,
2018-11-02,2.25,,,
2018-11-01,2.22,,,
2018-10-31,2.22,,,
2018-10-30,2.18,,,
2018-10-29,2.18,,,
2018-10-26,2.19,,,
2018-10-25,2.19,,,
2018-10-24,2.18,,,
2018-10-23,2.17,,,
2018-10-22,2.18,,,
2018-10-19,2.19,,,
2018-10-18,2.19,,,
2018-10-17,2.18,,,
2018-10-16,2.18,,,
2018-10-15,2.21,,,
2018-10-12,2.18,,,
2018-10-11,2.17,,,
2018-10-10,2.15,,,
2018-10-09,2.15,,,
2018-10-05,2.16,,,
2018-10-04,2.18,,,
2018-10-03,2.2,,,
2018-10-02,2.2,,,
2018-10-01,2.22,,,
2018-09-28,2.25,,,
2018-09-27,2.16,,,
2018-09-26,1.92,,,
2018-09-25,1.93,,,
2018-09-24,1.95,,,
2018-09-21,1.92,,,
2018-09-20,1.92,,,
2018-09-19,1.92,,,
2018-09-18,1.94,,,
2018-09-17,2.0,,,
2018-09-14,1.95,,,
2018-09-13,1.94,,,
2018-09-12,1.94,,,
2018-09-11,1.94,,,
2018-09-10,1.94,,,
2018-09-07,1.94,,,
2018-09-06,1.94,,,
2018-09-05,1.95,,,
2018-09-04,1.95,,,
2018-08-31,1.97,,,
2018-08-30,1.93,,,
2018-08-29,1.93,,,
2018-08-28,1.95,,,
2018-08-27,1.95,,,
2018-08-24,1.95,,,
2018-08-23,1.94,,,
2018-08-22,1.9,,,
2018-08-21,1.9,,,
2018-08-20,1.9,,,
2018-08-17,1.9,,,
2018-08-16,1.99,,,
2018-08-15,1.98,,,
2018-08-14,1.93,,,
2018-08-13,1.91,,,
2018-08-10,1.9,,,
2018-08-09,1.91,,,
2018-08-08,1.88,,,
2018-08-07,1.87,,,
2018-08-06,1.86,,,
2018-08-03,1.86,,,
2018-08-02,1.91,,,
2018-08-01,1.88,,,
2018-07-31,1.93,,,
2018-07-30,1.88,,,
2018-07-27,1.88,,,
2018-07-26,1.9,,,
2018-07-25,1.87,,,
2018-07-24,1.9,,,
2018-07-23,1.87,,,
2018-07-20,1.88,,,
2018-07-19,1.9,,,
2018-07-18,1.9,,,
2018-07-17,1.92,,,
2018-07-16,1.95,,,
2018-07-13,1.9,,,
2018-07-12,1.9,,,
2018-07-11,1.89,,,
2018-07-10,1.89,,,
2018-07-09,1.89,,,
2018-07-06,1.93,,,
2018-07-05,1.97,,,
2018-07-03,2.0,,,
2018-07-02,2.04,,,
2018-06-29,2.12,,,
2018-06-28,1.93,,,
2018-06-27,1.9,,,
2018-06-26,1.9,,,
2018-06-25,1.91,,,
2018-06-22,1.92,,,
2018-06-21,1.87,,,
2018-06-20,1.87,,,
2018-06-19,1.88,,,
2018-06-18,1.9,,,
2018-06-15,1.91,,,
2018-06-14,1.9,,,
2018-06-13,1.71,,,
2018-06-12,1.67,,,
2018-06-11,1.69,,,
2018-06-08,1.69,,,
2018-06-07,1.71,,,
2018-06-06,1.73,,,
2018-06-05,1.75,,,
2018-06-04,1.8,,,
2018-06-01,1.81,,,
2018-05-31,1.81,,,
2018-05-30,1.72,,,
2018-05-29,1.72,,,
2018-05-25,1.73,,,
2018-05-24,1.74,,,
2018-05-23,1.67,,,
2018-05-22,1.65,,,
2018-05-21,1.69,,,
2018-05-18,1.73,,,
2018-05-17,1.74,,,
2018-05-16,1.75,,,
2018-05-15,1.79,,,
2018-05-14,1.75,,,
2018-05-11,1.73,,,
2018-05-10,1.73,,,
2018-05-09,1.72,,,
2018-05-08,1.72,,,
2018-05-07,1.71,,,
2018-05-04,1.72,,,
2018-05-03,1.74,,,
2018-05-02,1.75,,,
2018-05-01,1.76,,,
2018-04-30,1.77,,,
2018-04-27,1.72,,,
2018-04-26,1.72,,,
2018-04-25,1.71,,,
2018-04-24,1.71,,,
2018-04-23,1.7,,,
2018-04-20,1.72,,,
2018-04-19,1.73,,,
2018-04-18,1.75,,,
2018-04-17,1.76,,,
2018-04-16,1.77,,,
2018-04-13,1.72,,,
2018-04-12,1.73,,,
2018-04-11,1.76,,,
2018-04-10,1.75,,,
2018-04-09,1.75,,,
2018-04-06,1.75,,,
2018-04-05,1.75,,,
2018-04-04,1.74,,,
2018-04-03,1.83,,,
2018-04-02,1.8,,,
